ID,Groups,Tasks,Acc,Eff,Java,Vulns,Perc
R_6VjPVPsjubWNXHF,5,Path,0.0,0.0,1.5,1.5,2.0
R_6VjPVPsjubWNXHF,5,Injection,0.2,0.039,1.5,1.5,2.4
R_6VjPVPsjubWNXHF,5,XSS,0.0,0.0,1.5,1.5,2.4
R_6VjPVPsjubWNXHF,5,DoS,0.0,0.0,1.5,1.5,1.8
R_2xzP3qObkA69NAD,2,Path,0.0,0.0,2.5,1.5,2.0
R_2xzP3qObkA69NAD,2,Injection,0.2,0.03722,2.5,1.5,1.6
R_2xzP3qObkA69NAD,2,XSS,0.0,0.0,2.5,1.5,1.2
R_2xzP3qObkA69NAD,2,DoS,0.0,0.0,2.5,1.5,0.8
R_32Y1Hn1rVUXOZzP,1,Path,0.0,0.0,0.5,0.5,2.4
R_32Y1Hn1rVUXOZzP,1,Injection,0.2,0.02697,0.5,0.5,3.0
R_32Y1Hn1rVUXOZzP,1,XSS,0.0,0.0,0.5,0.5,2.8
R_32Y1Hn1rVUXOZzP,1,DoS,0.0,0.0,0.5,0.5,2.2
R_2vdWuXgTSThhtKg,2,Path,0.07692,0.02636,2.0,1.5,2.8
R_2vdWuXgTSThhtKg,2,Injection,0.4,0.05271,2.0,1.5,3.0
R_2vdWuXgTSThhtKg,2,XSS,0.25,0.02636,2.0,1.5,3.0
R_2vdWuXgTSThhtKg,2,DoS,0.0,0.0,2.0,1.5,2.4
R_3ZNSmOFtlGu0hFO,3,Path,0.23077,0.07601,3.0,0.5,2.0
R_3ZNSmOFtlGu0hFO,3,Injection,0.6,0.07601,3.0,0.5,2.8
R_3ZNSmOFtlGu0hFO,3,XSS,0.0,0.0,3.0,0.5,2.8
R_3ZNSmOFtlGu0hFO,3,DoS,0.0,0.0,3.0,0.5,2.8
R_5lnpT58nAAb4f8g,4,Path,0.0,0.0,3.5,3.5,2.0
R_5lnpT58nAAb4f8g,4,Injection,0.4,0.05072,3.5,3.5,2.0
R_5lnpT58nAAb4f8g,4,XSS,0.0,0.0,3.5,3.5,2.0
R_5lnpT58nAAb4f8g,4,DoS,0.33333,0.02536,3.5,3.5,2.2
R_4NgoXAsj4ykMT4h,3,Path,0.07692,0.02725,2.0,2.0,2.6
R_4NgoXAsj4ykMT4h,3,Injection,0.2,0.02725,2.0,2.0,2.6
R_4NgoXAsj4ykMT4h,3,XSS,0.25,0.02725,2.0,2.0,2.2
R_4NgoXAsj4ykMT4h,3,DoS,0.0,0.0,2.0,2.0,2.0
R_3ez9pWg1fb4UuBD,5,Path,0.0,0.0,2.0,1.0,2.6
R_3ez9pWg1fb4UuBD,5,Injection,0.2,0.02435,2.0,1.0,2.6
R_3ez9pWg1fb4UuBD,5,XSS,0.25,0.02435,2.0,1.0,2.2
R_3ez9pWg1fb4UuBD,5,DoS,0.0,0.0,2.0,1.0,1.8
R_3Y2NHgEILEl8upj,2,Path,0.15385,0.047,2.5,1.5,2.0
R_3Y2NHgEILEl8upj,2,Injection,0.2,0.0235,2.5,1.5,1.8
R_3Y2NHgEILEl8upj,2,XSS,1.0,0.09401,2.5,1.5,2.8
R_3Y2NHgEILEl8upj,2,DoS,0.0,0.0,2.5,1.5,2.8
R_8wyQcvpYBK02KVV,3,Path,0.15385,0.04224,1.0,1.5,2.4
R_8wyQcvpYBK02KVV,3,Injection,0.4,0.04224,1.0,1.5,2.4
R_8wyQcvpYBK02KVV,3,XSS,0.0,0.0,1.0,1.5,2.2
R_8wyQcvpYBK02KVV,3,DoS,0.0,0.0,1.0,1.5,2.2
R_4qmhEq35UDKr8nM,2,Path,0.15385,0.03979,1.0,1.5,3.0
R_4qmhEq35UDKr8nM,2,Injection,0.2,0.01989,1.0,1.5,3.2
R_4qmhEq35UDKr8nM,2,XSS,0.0,0.0,1.0,1.5,3.4
R_4qmhEq35UDKr8nM,2,DoS,0.0,0.0,1.0,1.5,3.2
R_21vKESufxLoM9S6,1,Path,0.15385,0.03802,0.5,1.5,1.6
R_21vKESufxLoM9S6,1,Injection,0.2,0.01901,0.5,1.5,1.8
R_21vKESufxLoM9S6,1,XSS,0.0,0.0,0.5,1.5,1.8
R_21vKESufxLoM9S6,1,DoS,0.33333,0.01901,0.5,1.5,1.4
R_7rdJdfY8zlB9TXP,4,Path,0.0,0.0,2.0,1.0,2.6
R_7rdJdfY8zlB9TXP,4,Injection,0.2,0.01878,2.0,1.0,2.6
R_7rdJdfY8zlB9TXP,4,XSS,0.25,0.01878,2.0,1.0,2.4
R_7rdJdfY8zlB9TXP,4,DoS,0.33333,0.01878,2.0,1.0,2.8
R_2DxfRUKRXjnMMRr,1,Path,0.07692,0.01867,1.5,1.0,1.4
R_2DxfRUKRXjnMMRr,1,Injection,0.4,0.03735,1.5,1.0,1.4
R_2DxfRUKRXjnMMRr,1,XSS,0.0,0.0,1.5,1.0,1.4
R_2DxfRUKRXjnMMRr,1,DoS,0.33333,0.01867,1.5,1.0,1.4
R_284dImTUDG2EBvb,6,Path,0.15385,0.03634,2.0,1.5,2.0
R_284dImTUDG2EBvb,6,Injection,0.2,0.01817,2.0,1.5,2.4
R_284dImTUDG2EBvb,6,XSS,0.5,0.03634,2.0,1.5,1.8
R_284dImTUDG2EBvb,6,DoS,0.66667,0.03634,2.0,1.5,2.0
R_6P1oxpzTFDFmN1H,6,Path,0.07692,0.02024,1.5,1.5,2.6
R_6P1oxpzTFDFmN1H,6,Injection,0.0,0.0,1.5,1.5,2.2
R_6P1oxpzTFDFmN1H,6,XSS,0.0,0.0,1.5,1.5,1.8
R_6P1oxpzTFDFmN1H,6,DoS,0.0,0.0,1.5,1.5,1.8
R_5Qc0OIbbFFPUXts,6,Path,0.07692,0.01532,2.0,2.0,2.4
R_5Qc0OIbbFFPUXts,6,Injection,0.2,0.01532,2.0,2.0,2.0
R_5Qc0OIbbFFPUXts,6,XSS,0.5,0.03065,2.0,2.0,2.0
R_5Qc0OIbbFFPUXts,6,DoS,0.0,0.0,2.0,2.0,2.0
R_5rMs9OjM3AMhLQ2,6,Path,0.15385,0.03015,2.0,1.0,2.4
R_5rMs9OjM3AMhLQ2,6,Injection,0.0,0.0,2.0,1.0,2.4
R_5rMs9OjM3AMhLQ2,6,XSS,0.0,0.0,2.0,1.0,2.4
R_5rMs9OjM3AMhLQ2,6,DoS,0.0,0.0,2.0,1.0,2.4
R_2xQuBoINqDS5QB0,1,Path,0.0,0.0,1.0,1.5,2.8
R_2xQuBoINqDS5QB0,1,Injection,0.2,0.0151,1.0,1.5,2.8
R_2xQuBoINqDS5QB0,1,XSS,0.0,0.0,1.0,1.5,2.6
R_2xQuBoINqDS5QB0,1,DoS,0.0,0.0,1.0,1.5,2.4
R_4d4EEt0vsGlBTRd,4,Path,0.0,0.0,2.5,1.0,2.2
R_4d4EEt0vsGlBTRd,4,Injection,0.0,0.0,2.5,1.0,2.2
R_4d4EEt0vsGlBTRd,4,XSS,0.25,0.01471,2.5,1.0,2.2
R_4d4EEt0vsGlBTRd,4,DoS,0.0,0.0,2.5,1.0,2.2
R_3aVtz9AHKzUNAsC,4,Path,0.0,0.0,1.5,2.0,3.0
R_3aVtz9AHKzUNAsC,4,Injection,0.4,0.02911,1.5,2.0,3.4
R_3aVtz9AHKzUNAsC,4,XSS,0.0,0.0,1.5,2.0,3.2
R_3aVtz9AHKzUNAsC,4,DoS,0.0,0.0,1.5,2.0,2.8
R_6rHPwheFYU7MYtA,3,Path,0.07692,0.01419,1.0,2.0,2.8
R_6rHPwheFYU7MYtA,3,Injection,0.2,0.01419,1.0,2.0,2.4
R_6rHPwheFYU7MYtA,3,XSS,0.0,0.0,1.0,2.0,2.2
R_6rHPwheFYU7MYtA,3,DoS,0.0,0.0,1.0,2.0,1.6
R_5wvGVB6iwMitbXC,5,Path,0.0,0.0,1.5,1.0,2.2
R_5wvGVB6iwMitbXC,5,Injection,0.0,0.0,1.5,1.0,2.6
R_5wvGVB6iwMitbXC,5,XSS,0.0,0.0,1.5,1.0,2.4
R_5wvGVB6iwMitbXC,5,DoS,0.0,0.0,1.5,1.0,2.0
R_5kHcDGxYL3IYyNu,5,Path,0.0,0.0,1.5,2.0,2.2
R_5kHcDGxYL3IYyNu,5,Injection,0.0,0.0,1.5,2.0,2.0
R_5kHcDGxYL3IYyNu,5,XSS,0.0,0.0,1.5,2.0,1.8
R_5kHcDGxYL3IYyNu,5,DoS,0.0,0.0,1.5,2.0,1.6
R_10C0Fc0WmZPDXoz,3,Path,0.0,0.0,0.5,1.5,2.8
R_10C0Fc0WmZPDXoz,3,Injection,0.0,0.0,0.5,1.5,2.8
R_10C0Fc0WmZPDXoz,3,XSS,0.0,0.0,0.5,1.5,2.2
R_10C0Fc0WmZPDXoz,3,DoS,0.0,0.0,0.5,1.5,2.0
R_4ZTag6Jezolkg7v,6,Path,0.0,0.0,1.0,1.5,1.6
R_4ZTag6Jezolkg7v,6,Injection,0.0,0.0,1.0,1.5,2.2
R_4ZTag6Jezolkg7v,6,XSS,0.0,0.0,1.0,1.5,2.2
R_4ZTag6Jezolkg7v,6,DoS,0.0,0.0,1.0,1.5,1.8
R_3s6YMpNoh34GuhE,4,Path,0.0,0.0,0.0,1.5,2.0
R_3s6YMpNoh34GuhE,4,Injection,0.2,0.0526,0.0,1.5,2.6
R_3s6YMpNoh34GuhE,4,XSS,0.0,0.0,0.0,1.5,3.2
R_3s6YMpNoh34GuhE,4,DoS,0.0,0.0,0.0,1.5,2.6
R_3FOL6BSvUcFSIrW,6,Path,0.07692,0.08547,0.5,1.5,2.0
R_3FOL6BSvUcFSIrW,6,Injection,0.0,0.0,0.5,1.5,1.2
R_3FOL6BSvUcFSIrW,6,XSS,0.0,0.0,0.5,1.5,1.2
R_3FOL6BSvUcFSIrW,6,DoS,0.0,0.0,0.5,1.5,1.2
R_26aovXcAszRH26f,3,Path,0.0,0.0,2.0,2.5,2.4
R_26aovXcAszRH26f,3,Injection,0.0,0.0,2.0,2.5,2.4
R_26aovXcAszRH26f,3,XSS,0.0,0.0,2.0,2.5,2.6
R_26aovXcAszRH26f,3,DoS,0.0,0.0,2.0,2.5,3.0
R_1CvVU07N39EVqGy,3,Path,0.0,0.0,1.0,2.0,2.8
R_1CvVU07N39EVqGy,3,Injection,0.2,0.036,1.0,2.0,3.2
R_1CvVU07N39EVqGy,3,XSS,0.0,0.0,1.0,2.0,2.2
R_1CvVU07N39EVqGy,3,DoS,0.0,0.0,1.0,2.0,2.6
R_3m8AcYvLa3hl3Os,4,Path,0.30769,0.12638,2.0,1.5,2.6
R_3m8AcYvLa3hl3Os,4,Injection,0.0,0.0,2.0,1.5,2.2
R_3m8AcYvLa3hl3Os,4,XSS,0.25,0.0316,2.0,1.5,2.2
R_3m8AcYvLa3hl3Os,4,DoS,0.0,0.0,2.0,1.5,1.8
R_3ad8iHXwqa7yHC1,5,Path,0.07692,0.03104,3.0,1.5,1.6
R_3ad8iHXwqa7yHC1,5,Injection,0.2,0.03104,3.0,1.5,1.6
R_3ad8iHXwqa7yHC1,5,XSS,0.0,0.0,3.0,1.5,2.4
R_3ad8iHXwqa7yHC1,5,DoS,0.0,0.0,3.0,1.5,1.4
R_2Swuf4973133TEJ,3,Path,0.07692,0.03414,0.5,0.5,2.0
R_2Swuf4973133TEJ,3,Injection,0.4,0.06828,0.5,0.5,2.0
R_2Swuf4973133TEJ,3,XSS,0.25,0.03414,0.5,0.5,1.6
R_2Swuf4973133TEJ,3,DoS,0.0,0.0,0.5,0.5,1.6
R_1Kx8flofL7vgaLz,2,Path,0.0,0.0,1.5,2.0,3.0
R_1Kx8flofL7vgaLz,2,Injection,0.0,0.0,1.5,2.0,2.8
R_1Kx8flofL7vgaLz,2,XSS,0.25,0.03574,1.5,2.0,3.0
R_1Kx8flofL7vgaLz,2,DoS,0.0,0.0,1.5,2.0,2.6
R_xaVdsmgzk12EEeZ,3,Path,0.0,0.0,2.5,0.5,2.0
R_xaVdsmgzk12EEeZ,3,Injection,0.2,0.03563,2.5,0.5,2.2
R_xaVdsmgzk12EEeZ,3,XSS,0.0,0.0,2.5,0.5,2.0
R_xaVdsmgzk12EEeZ,3,DoS,0.0,0.0,2.5,0.5,2.2
R_3iJuvDXtd1nIgxs,5,Path,0.0,0.0,0.0,1.0,2.0
R_3iJuvDXtd1nIgxs,5,Injection,0.2,0.03028,0.0,1.0,2.8
R_3iJuvDXtd1nIgxs,5,XSS,0.0,0.0,0.0,1.0,2.8
R_3iJuvDXtd1nIgxs,5,DoS,0.0,0.0,0.0,1.0,2.0
R_tRKLArCTuM8yHTj,2,Path,0.15385,0.05901,1.5,0.0,1.6
R_tRKLArCTuM8yHTj,2,Injection,0.0,0.0,1.5,0.0,1.6
R_tRKLArCTuM8yHTj,2,XSS,0.5,0.05901,1.5,0.0,1.4
R_tRKLArCTuM8yHTj,2,DoS,0.33333,0.02951,1.5,0.0,1.4
R_2feBGxnqgqIwwC7,5,Path,0.0,0.0,2.0,0.5,1.8
R_2feBGxnqgqIwwC7,5,Injection,0.0,0.0,2.0,0.5,2.0
R_2feBGxnqgqIwwC7,5,XSS,0.0,0.0,2.0,0.5,2.0
R_2feBGxnqgqIwwC7,5,DoS,0.0,0.0,2.0,0.5,1.6
R_264P0zHozptDX72,1,Path,0.0,0.0,1.0,0.5,1.6
R_264P0zHozptDX72,1,Injection,0.2,0.02843,1.0,0.5,1.2
R_264P0zHozptDX72,1,XSS,0.0,0.0,1.0,0.5,1.4
R_264P0zHozptDX72,1,DoS,0.33333,0.02843,1.0,0.5,1.2
R_2dLr1JpvotIPkms,1,Path,0.0,0.0,2.0,1.0,3.0
R_2dLr1JpvotIPkms,1,Injection,0.0,0.0,2.0,1.0,2.2
R_2dLr1JpvotIPkms,1,XSS,0.0,0.0,2.0,1.0,2.6
R_2dLr1JpvotIPkms,1,DoS,0.0,0.0,2.0,1.0,2.2
R_22tOywUEy1MDak3,4,Path,0.0,0.0,1.0,0.5,2.8
R_22tOywUEy1MDak3,4,Injection,0.0,0.0,1.0,0.5,2.4
R_22tOywUEy1MDak3,4,XSS,0.25,0.03172,1.0,0.5,2.8
R_22tOywUEy1MDak3,4,DoS,0.33333,0.03172,1.0,0.5,2.4
R_NXaAZaoGFQAclY5,4,Path,0.0,0.0,1.5,2.0,2.8
R_NXaAZaoGFQAclY5,4,Injection,0.2,0.03144,1.5,2.0,2.4
R_NXaAZaoGFQAclY5,4,XSS,0.5,0.06287,1.5,2.0,3.0
R_NXaAZaoGFQAclY5,4,DoS,0.0,0.0,1.5,2.0,2.6
R_1OvnM8Bpk1kam5r,3,Path,0.0,0.0,1.0,2.0,3.0
R_1OvnM8Bpk1kam5r,3,Injection,0.2,0.02527,1.0,2.0,3.4
R_1OvnM8Bpk1kam5r,3,XSS,0.0,0.0,1.0,2.0,2.8
R_1OvnM8Bpk1kam5r,3,DoS,0.0,0.0,1.0,2.0,3.0
R_1hYeAlqhuGI1fOO,3,Path,0.15385,0.05196,1.0,1.5,2.8
R_1hYeAlqhuGI1fOO,3,Injection,0.4,0.05196,1.0,1.5,2.8
R_1hYeAlqhuGI1fOO,3,XSS,0.0,0.0,1.0,1.5,2.8
R_1hYeAlqhuGI1fOO,3,DoS,0.0,0.0,1.0,1.5,2.8
R_1cTcawAFlCftIi6,2,Path,0.07692,0.02301,2.0,1.5,3.2
R_1cTcawAFlCftIi6,2,Injection,0.2,0.02301,2.0,1.5,2.6
R_1cTcawAFlCftIi6,2,XSS,0.5,0.04602,2.0,1.5,2.6
R_1cTcawAFlCftIi6,2,DoS,0.0,0.0,2.0,1.5,3.4
R_3oQFWPaE18bzTOW,4,Path,0.0,0.0,0.5,1.5,3.2
R_3oQFWPaE18bzTOW,4,Injection,0.2,0.02769,0.5,1.5,3.4
R_3oQFWPaE18bzTOW,4,XSS,0.25,0.02769,0.5,1.5,3.4
R_3oQFWPaE18bzTOW,4,DoS,0.0,0.0,0.5,1.5,3.0
R_3IWtk06QJIfb87q,3,Path,0.15385,0.05677,1.0,1.0,2.2
R_3IWtk06QJIfb87q,3,Injection,0.8,0.11354,1.0,1.0,2.0
R_3IWtk06QJIfb87q,3,XSS,0.0,0.0,1.0,1.0,1.8
R_3IWtk06QJIfb87q,3,DoS,0.0,0.0,1.0,1.0,2.0
R_21sxZN0xSIk4qTj,1,Path,0.0,0.0,1.5,2.0,2.2
R_21sxZN0xSIk4qTj,1,Injection,0.0,0.0,1.5,2.0,3.0
R_21sxZN0xSIk4qTj,1,XSS,0.0,0.0,1.5,2.0,3.0
R_21sxZN0xSIk4qTj,1,DoS,0.33333,0.02447,1.5,2.0,2.6
R_2CNgG1jDwk53nvK,6,Path,0.0,0.0,1.0,1.0,2.0
R_2CNgG1jDwk53nvK,6,Injection,0.0,0.0,1.0,1.0,1.8
R_2CNgG1jDwk53nvK,6,XSS,0.0,0.0,1.0,1.0,1.4
R_2CNgG1jDwk53nvK,6,DoS,0.0,0.0,1.0,1.0,1.8
R_3k7ErOo51YmiLjf,6,Path,0.0,0.0,2.0,1.5,2.4
R_3k7ErOo51YmiLjf,6,Injection,0.0,0.0,2.0,1.5,2.2
R_3k7ErOo51YmiLjf,6,XSS,0.25,0.02759,2.0,1.5,2.4
R_3k7ErOo51YmiLjf,6,DoS,0.0,0.0,2.0,1.5,2.4
R_5Bjq6Q5Eda092bn,5,Path,0.0,0.0,1.0,1.0,1.8
R_5Bjq6Q5Eda092bn,5,Injection,0.2,0.02701,1.0,1.0,1.8
R_5Bjq6Q5Eda092bn,5,XSS,0.0,0.0,1.0,1.0,1.8
R_5Bjq6Q5Eda092bn,5,DoS,0.0,0.0,1.0,1.0,1.8
R_3kpREA7clqzBhW4,6,Path,0.0,0.0,2.0,1.0,1.4
R_3kpREA7clqzBhW4,6,Injection,0.0,0.0,2.0,1.0,1.4
R_3kpREA7clqzBhW4,6,XSS,0.0,0.0,2.0,1.0,1.4
R_3kpREA7clqzBhW4,6,DoS,0.0,0.0,2.0,1.0,1.4
R_1OH4FW3H64iAgIu,3,Path,0.15385,0.04709,2.0,2.0,2.2
R_1OH4FW3H64iAgIu,3,Injection,0.4,0.04709,2.0,2.0,2.2
R_1OH4FW3H64iAgIu,3,XSS,0.0,0.0,2.0,2.0,2.0
R_1OH4FW3H64iAgIu,3,DoS,0.0,0.0,2.0,2.0,2.6
R_1hBi5XNfwi1cv6p,2,Path,0.0,0.0,0.0,1.0,1.2
R_1hBi5XNfwi1cv6p,2,Injection,0.0,0.0,0.0,1.0,1.2
R_1hBi5XNfwi1cv6p,2,XSS,0.25,0.02494,0.0,1.0,1.0
R_1hBi5XNfwi1cv6p,2,DoS,0.0,0.0,0.0,1.0,1.0
R_2qrUe6XhxGreo3M,4,Path,0.0,0.0,2.0,0.5,1.4
R_2qrUe6XhxGreo3M,4,Injection,0.0,0.0,2.0,0.5,1.4
R_2qrUe6XhxGreo3M,4,XSS,0.0,0.0,2.0,0.5,2.4
R_2qrUe6XhxGreo3M,4,DoS,0.0,0.0,2.0,0.5,1.4
R_1ifn94RNqMnEO3L,4,Path,0.0,0.0,3.0,1.5,2.6
R_1ifn94RNqMnEO3L,4,Injection,0.0,0.0,3.0,1.5,2.8
R_1ifn94RNqMnEO3L,4,XSS,0.0,0.0,3.0,1.5,3.2
R_1ifn94RNqMnEO3L,4,DoS,0.0,0.0,3.0,1.5,3.2
R_2Ui9T81qAVvDLZx,3,Path,0.15385,0.05596,3.0,1.0,3.6
R_2Ui9T81qAVvDLZx,3,Injection,0.2,0.02798,3.0,1.0,3.4
R_2Ui9T81qAVvDLZx,3,XSS,0.0,0.0,3.0,1.0,3.0
R_2Ui9T81qAVvDLZx,3,DoS,0.0,0.0,3.0,1.0,3.0
R_UGgNHuEYVqUoxtT,1,Path,0.0,0.0,0.5,2.0,2.0
R_UGgNHuEYVqUoxtT,1,Injection,0.2,0.02897,0.5,2.0,1.6
R_UGgNHuEYVqUoxtT,1,XSS,0.0,0.0,0.5,2.0,1.6
R_UGgNHuEYVqUoxtT,1,DoS,0.0,0.0,0.5,2.0,2.0
R_3KxqXVic7WpJT1D,5,Path,0.0,0.0,0.5,1.5,2.6
R_3KxqXVic7WpJT1D,5,Injection,0.2,0.02635,0.5,1.5,2.6
R_3KxqXVic7WpJT1D,5,XSS,0.25,0.02635,0.5,1.5,2.6
R_3KxqXVic7WpJT1D,5,DoS,0.0,0.0,0.5,1.5,1.8
R_2y78wOxzuEMlJGc,3,Path,0.07692,0.0238,3.5,1.5,4.0
R_2y78wOxzuEMlJGc,3,Injection,0.2,0.0238,3.5,1.5,3.8
R_2y78wOxzuEMlJGc,3,XSS,0.0,0.0,3.5,1.5,3.2
R_2y78wOxzuEMlJGc,3,DoS,0.0,0.0,3.5,1.5,3.2
R_vqVXA6FIua4HmZX,5,Path,0.0,0.0,1.0,1.0,1.6
R_vqVXA6FIua4HmZX,5,Injection,0.0,0.0,1.0,1.0,2.0
R_vqVXA6FIua4HmZX,5,XSS,0.0,0.0,1.0,1.0,2.0
R_vqVXA6FIua4HmZX,5,DoS,0.0,0.0,1.0,1.0,1.6
R_s5oomC4ENa3owvf,4,Path,0.0,0.0,1.0,1.5,2.4
R_s5oomC4ENa3owvf,4,Injection,0.2,0.02527,1.0,1.5,3.0
R_s5oomC4ENa3owvf,4,XSS,0.25,0.02527,1.0,1.5,2.4
R_s5oomC4ENa3owvf,4,DoS,0.0,0.0,1.0,1.5,2.0
R_3MSfnZ4ntLWRAkJ,5,Path,0.0,0.0,1.0,0.0,1.8
R_3MSfnZ4ntLWRAkJ,5,Injection,0.2,0.02539,1.0,0.0,3.0
R_3MSfnZ4ntLWRAkJ,5,XSS,0.0,0.0,1.0,0.0,2.4
R_3MSfnZ4ntLWRAkJ,5,DoS,0.0,0.0,1.0,0.0,1.6
R_2atpanWlsIEAwEv,4,Path,0.0,0.0,2.0,1.5,2.0
R_2atpanWlsIEAwEv,4,Injection,0.2,0.02251,2.0,1.5,1.8
R_2atpanWlsIEAwEv,4,XSS,0.0,0.0,2.0,1.5,2.0
R_2atpanWlsIEAwEv,4,DoS,0.33333,0.02251,2.0,1.5,2.0
R_3MDzkSHSKJd2ZCx,6,Path,0.0,0.0,0.5,1.0,2.4
R_3MDzkSHSKJd2ZCx,6,Injection,0.0,0.0,0.5,1.0,2.8
R_3MDzkSHSKJd2ZCx,6,XSS,0.0,0.0,0.5,1.0,2.8
R_3MDzkSHSKJd2ZCx,6,DoS,0.0,0.0,0.5,1.0,3.2
R_vJn9S8pKtWxEzWp,2,Path,0.0,0.0,1.5,0.5,2.2
R_vJn9S8pKtWxEzWp,2,Injection,0.4,0.04298,1.5,0.5,2.2
R_vJn9S8pKtWxEzWp,2,XSS,0.0,0.0,1.5,0.5,2.2
R_vJn9S8pKtWxEzWp,2,DoS,0.0,0.0,1.5,0.5,1.8
R_2VOy34WzkAVb8EH,1,Path,0.0,0.0,1.5,1.5,2.0
R_2VOy34WzkAVb8EH,1,Injection,0.2,0.0267,1.5,1.5,2.6
R_2VOy34WzkAVb8EH,1,XSS,0.0,0.0,1.5,1.5,2.6
R_2VOy34WzkAVb8EH,1,DoS,0.0,0.0,1.5,1.5,2.6
R_2czsrX2vGnwNBTw,6,Path,0.0,0.0,1.0,1.0,2.2
R_2czsrX2vGnwNBTw,6,Injection,0.0,0.0,1.0,1.0,2.0
R_2czsrX2vGnwNBTw,6,XSS,0.0,0.0,1.0,1.0,2.6
R_2czsrX2vGnwNBTw,6,DoS,0.0,0.0,1.0,1.0,1.8
R_1l0LUMxjnkFEQCn,5,Path,0.15385,0.04769,3.0,1.5,2.8
R_1l0LUMxjnkFEQCn,5,Injection,0.2,0.02384,3.0,1.5,3.0
R_1l0LUMxjnkFEQCn,5,XSS,0.25,0.02384,3.0,1.5,3.0
R_1l0LUMxjnkFEQCn,5,DoS,0.0,0.0,3.0,1.5,2.4
R_1Kvatmhe3zhnSth,3,Path,0.30769,0.08891,1.0,1.0,2.6
R_1Kvatmhe3zhnSth,3,Injection,0.6,0.06668,1.0,1.0,2.8
R_1Kvatmhe3zhnSth,3,XSS,0.0,0.0,1.0,1.0,2.0
R_1Kvatmhe3zhnSth,3,DoS,0.66667,0.04445,1.0,1.0,1.8
R_2t3cbjlrqR5PDgY,3,Path,0.0,0.0,0.5,1.0,1.4
R_2t3cbjlrqR5PDgY,3,Injection,0.2,0.0211,0.5,1.0,1.4
R_2t3cbjlrqR5PDgY,3,XSS,0.0,0.0,0.5,1.0,1.4
R_2t3cbjlrqR5PDgY,3,DoS,0.0,0.0,0.5,1.0,1.4
R_DItauU6CBCrfciZ,4,Path,0.0,0.0,2.5,0.5,1.8
R_DItauU6CBCrfciZ,4,Injection,0.0,0.0,2.5,0.5,1.8
R_DItauU6CBCrfciZ,4,XSS,0.25,0.02304,2.5,0.5,1.8
R_DItauU6CBCrfciZ,4,DoS,0.0,0.0,2.5,0.5,1.8
R_21bSXxGzUxO7xsY,4,Path,0.0,0.0,1.5,1.5,1.0
R_21bSXxGzUxO7xsY,4,Injection,0.0,0.0,1.5,1.5,1.0
R_21bSXxGzUxO7xsY,4,XSS,0.25,0.02228,1.5,1.5,1.0
R_21bSXxGzUxO7xsY,4,DoS,0.0,0.0,1.5,1.5,1.0
R_2Bye7BGXEea1w4F,3,Path,0.07692,0.02056,1.5,1.0,1.8
R_2Bye7BGXEea1w4F,3,Injection,0.2,0.02056,1.5,1.0,2.0
R_2Bye7BGXEea1w4F,3,XSS,0.0,0.0,1.5,1.0,1.4
R_2Bye7BGXEea1w4F,3,DoS,0.0,0.0,1.5,1.0,1.4
R_1mR9mw0JhcUID7q,4,Path,0.07692,0.02171,1.5,1.0,1.8
R_1mR9mw0JhcUID7q,4,Injection,0.0,0.0,1.5,1.0,1.8
R_1mR9mw0JhcUID7q,4,XSS,0.0,0.0,1.5,1.0,1.8
R_1mR9mw0JhcUID7q,4,DoS,0.0,0.0,1.5,1.0,1.8
R_2dsCthTiQ8gNjOW,6,Path,0.0,0.0,1.0,1.5,3.0
R_2dsCthTiQ8gNjOW,6,Injection,0.0,0.0,1.0,1.5,2.6
R_2dsCthTiQ8gNjOW,6,XSS,0.0,0.0,1.0,1.5,3.0
R_2dsCthTiQ8gNjOW,6,DoS,0.0,0.0,1.0,1.5,2.2
R_3NKwGiLHYVMr4ny,1,Path,0.23077,0.05685,3.5,2.0,3.0
R_3NKwGiLHYVMr4ny,1,Injection,0.6,0.05685,3.5,2.0,3.0
R_3NKwGiLHYVMr4ny,1,XSS,0.0,0.0,3.5,2.0,2.6
R_3NKwGiLHYVMr4ny,1,DoS,0.33333,0.01895,3.5,2.0,2.4
R_3maQy7at9ZfUwFa,1,Path,0.0,0.0,1.5,2.0,2.2
R_3maQy7at9ZfUwFa,1,Injection,0.2,0.02013,1.5,2.0,2.2
R_3maQy7at9ZfUwFa,1,XSS,0.0,0.0,1.5,2.0,2.2
R_3maQy7at9ZfUwFa,1,DoS,0.0,0.0,1.5,2.0,2.2
R_1g8yrJ8Wvdxbhzh,4,Path,0.0,0.0,1.5,1.0,2.4
R_1g8yrJ8Wvdxbhzh,4,Injection,0.0,0.0,1.5,1.0,1.8
R_1g8yrJ8Wvdxbhzh,4,XSS,0.25,0.02086,1.5,1.0,2.0
R_1g8yrJ8Wvdxbhzh,4,DoS,0.0,0.0,1.5,1.0,1.8
R_3k7KYUeK9efTGTC,1,Path,0.07692,0.02004,1.0,1.0,2.8
R_3k7KYUeK9efTGTC,1,Injection,0.4,0.04007,1.0,1.0,2.4
R_3k7KYUeK9efTGTC,1,XSS,0.0,0.0,1.0,1.0,2.8
R_3k7KYUeK9efTGTC,1,DoS,0.0,0.0,1.0,1.0,2.6
R_1PcouN9SkV9SC9N,6,Path,0.0,0.0,1.0,0.5,1.8
R_1PcouN9SkV9SC9N,6,Injection,0.2,0.01943,1.0,0.5,1.6
R_1PcouN9SkV9SC9N,6,XSS,0.0,0.0,1.0,0.5,1.6
R_1PcouN9SkV9SC9N,6,DoS,0.0,0.0,1.0,0.5,1.8
R_2yrpYGZggIq1RyQ,1,Path,0.0,0.0,2.5,0.5,1.8
R_2yrpYGZggIq1RyQ,1,Injection,0.4,0.03759,2.5,0.5,2.6
R_2yrpYGZggIq1RyQ,1,XSS,0.25,0.01879,2.5,0.5,2.2
R_2yrpYGZggIq1RyQ,1,DoS,0.33333,0.01879,2.5,0.5,2.2
R_22VyuRj7Fet0j5L,6,Path,0.15385,0.04422,3.5,3.0,3.2
R_22VyuRj7Fet0j5L,6,Injection,0.2,0.02211,3.5,3.0,2.8
R_22VyuRj7Fet0j5L,6,XSS,0.0,0.0,3.5,3.0,2.6
R_22VyuRj7Fet0j5L,6,DoS,0.66667,0.04422,3.5,3.0,3.4
R_3mTv8DHFOw4bTbj,6,Path,0.0,0.0,1.0,1.0,2.8
R_3mTv8DHFOw4bTbj,6,Injection,0.0,0.0,1.0,1.0,2.8
R_3mTv8DHFOw4bTbj,6,XSS,0.0,0.0,1.0,1.0,2.0
R_3mTv8DHFOw4bTbj,6,DoS,0.0,0.0,1.0,1.0,2.4
R_w5FUlA5gTxiQ4yl,4,Path,0.07692,0.05571,1.0,0.5,1.8
R_w5FUlA5gTxiQ4yl,4,Injection,0.0,0.0,1.0,0.5,1.8
R_w5FUlA5gTxiQ4yl,4,XSS,0.0,0.0,1.0,0.5,1.6
R_w5FUlA5gTxiQ4yl,4,DoS,0.0,0.0,1.0,0.5,1.6
R_1oz1UddC7uy5QvH,6,Path,0.0,0.0,1.0,1.0,2.2
R_1oz1UddC7uy5QvH,6,Injection,0.0,0.0,1.0,1.0,2.4
R_1oz1UddC7uy5QvH,6,XSS,0.0,0.0,1.0,1.0,2.4
R_1oz1UddC7uy5QvH,6,DoS,0.0,0.0,1.0,1.0,2.4
R_2X7orZsI2e89vzb,3,Path,0.0,0.0,0.0,0.0,0.8
R_2X7orZsI2e89vzb,3,Injection,0.4,0.04035,0.0,0.0,0.8
R_2X7orZsI2e89vzb,3,XSS,0.0,0.0,0.0,0.0,0.6
R_2X7orZsI2e89vzb,3,DoS,0.0,0.0,0.0,0.0,0.6
R_122PenXDtfMkk6e,2,Path,0.07692,0.01954,0.0,1.0,1.2
R_122PenXDtfMkk6e,2,Injection,0.0,0.0,0.0,1.0,1.2
R_122PenXDtfMkk6e,2,XSS,0.0,0.0,0.0,1.0,1.2
R_122PenXDtfMkk6e,2,DoS,0.0,0.0,0.0,1.0,1.2
R_2wdaJmgLYXDRMLg,4,Path,0.0,0.0,2.5,1.5,2.4
R_2wdaJmgLYXDRMLg,4,Injection,0.2,0.02111,2.5,1.5,2.6
R_2wdaJmgLYXDRMLg,4,XSS,0.0,0.0,2.5,1.5,2.6
R_2wdaJmgLYXDRMLg,4,DoS,0.0,0.0,2.5,1.5,2.8
R_3KN2x3WU4w0qirN,1,Path,0.0,0.0,3.0,2.0,3.0
R_3KN2x3WU4w0qirN,1,Injection,0.2,0.02481,3.0,2.0,3.0
R_3KN2x3WU4w0qirN,1,XSS,0.0,0.0,3.0,2.0,2.8
R_3KN2x3WU4w0qirN,1,DoS,0.0,0.0,3.0,2.0,2.2
R_1LTGES4ZmR15DIa,4,Path,0.0,0.0,1.5,1.5,2.6
R_1LTGES4ZmR15DIa,4,Injection,0.4,0.0399,1.5,1.5,3.0
R_1LTGES4ZmR15DIa,4,XSS,0.0,0.0,1.5,1.5,3.0
R_1LTGES4ZmR15DIa,4,DoS,0.0,0.0,1.5,1.5,2.2
R_33vZvfyF4LIQNGV,2,Path,0.07692,0.0172,1.0,1.0,2.4
R_33vZvfyF4LIQNGV,2,Injection,0.0,0.0,1.0,1.0,2.4
R_33vZvfyF4LIQNGV,2,XSS,0.25,0.0172,1.0,1.0,2.4
R_33vZvfyF4LIQNGV,2,DoS,0.0,0.0,1.0,1.0,2.4
R_12A3e9pgs4AgCwf,2,Path,0.07692,0.01753,1.0,1.5,3.0
R_12A3e9pgs4AgCwf,2,Injection,0.4,0.03507,1.0,1.5,3.2
R_12A3e9pgs4AgCwf,2,XSS,0.25,0.01753,1.0,1.5,3.4
R_12A3e9pgs4AgCwf,2,DoS,0.33333,0.01753,1.0,1.5,2.8
R_2rHFaoDNTphevdr,2,Path,0.07692,0.01713,1.5,1.0,1.0
R_2rHFaoDNTphevdr,2,Injection,0.0,0.0,1.5,1.0,1.6
R_2rHFaoDNTphevdr,2,XSS,0.0,0.0,1.5,1.0,1.6
R_2rHFaoDNTphevdr,2,DoS,0.0,0.0,1.5,1.0,1.4
R_3MQJSbC7Tlp15B9,6,Path,0.07692,0.01819,3.0,1.5,2.6
R_3MQJSbC7Tlp15B9,6,Injection,0.0,0.0,3.0,1.5,2.8
R_3MQJSbC7Tlp15B9,6,XSS,0.0,0.0,3.0,1.5,2.0
R_3MQJSbC7Tlp15B9,6,DoS,0.33333,0.01819,3.0,1.5,2.2
R_5yUf0PoPOwoqsGR,2,Path,0.15385,0.03626,2.0,0.5,2.0
R_5yUf0PoPOwoqsGR,2,Injection,0.0,0.0,2.0,0.5,2.0
R_5yUf0PoPOwoqsGR,2,XSS,0.0,0.0,2.0,0.5,2.4
R_5yUf0PoPOwoqsGR,2,DoS,0.0,0.0,2.0,0.5,1.4
R_yWRsR2tIRhTBTSF,2,Path,0.0,0.0,1.0,1.5,1.8
R_yWRsR2tIRhTBTSF,2,Injection,0.0,0.0,1.0,1.5,1.8
R_yWRsR2tIRhTBTSF,2,XSS,0.0,0.0,1.0,1.5,1.6
R_yWRsR2tIRhTBTSF,2,DoS,0.0,0.0,1.0,1.5,1.4
R_10xCrQJf9f4abHf,6,Path,0.07692,0.01531,1.0,0.0,2.4
R_10xCrQJf9f4abHf,6,Injection,0.0,0.0,1.0,0.0,1.2
R_10xCrQJf9f4abHf,6,XSS,0.0,0.0,1.0,0.0,1.2
R_10xCrQJf9f4abHf,6,DoS,0.0,0.0,1.0,0.0,1.2
R_2ScRpvy5ctbp3cZ,1,Path,0.07692,0.01787,0.0,0.5,2.2
R_2ScRpvy5ctbp3cZ,1,Injection,0.0,0.0,0.0,0.5,2.2
R_2ScRpvy5ctbp3cZ,1,XSS,0.0,0.0,0.0,0.5,2.2
R_2ScRpvy5ctbp3cZ,1,DoS,0.0,0.0,0.0,0.5,2.2
R_3oMWMMofLc5zJW8,2,Path,0.15385,0.03615,2.0,0.5,1.8
R_3oMWMMofLc5zJW8,2,Injection,0.0,0.0,2.0,0.5,1.8
R_3oMWMMofLc5zJW8,2,XSS,0.25,0.01808,2.0,0.5,1.8
R_3oMWMMofLc5zJW8,2,DoS,0.0,0.0,2.0,0.5,1.8
R_A1iznoOlyYPXAcN,4,Path,0.0,0.0,3.0,1.0,2.4
R_A1iznoOlyYPXAcN,4,Injection,0.0,0.0,3.0,1.0,2.2
R_A1iznoOlyYPXAcN,4,XSS,0.5,0.03301,3.0,1.0,2.2
R_A1iznoOlyYPXAcN,4,DoS,0.0,0.0,3.0,1.0,2.2
R_TjiKgBHjAIZMtUJ,6,Path,0.07692,0.01695,1.0,1.5,2.8
R_TjiKgBHjAIZMtUJ,6,Injection,0.2,0.01695,1.0,1.5,1.8
R_TjiKgBHjAIZMtUJ,6,XSS,0.25,0.01695,1.0,1.5,1.8
R_TjiKgBHjAIZMtUJ,6,DoS,0.0,0.0,1.0,1.5,2.2
R_1HczsgzZIbddmiw,5,Path,0.07692,0.01476,0.5,1.5,2.8
R_1HczsgzZIbddmiw,5,Injection,0.2,0.01476,0.5,1.5,2.4
R_1HczsgzZIbddmiw,5,XSS,0.0,0.0,0.5,1.5,2.8
R_1HczsgzZIbddmiw,5,DoS,0.0,0.0,0.5,1.5,2.4
R_3CDDaEJY5t6lVOt,4,Path,0.0,0.0,0.0,1.0,2.0
R_3CDDaEJY5t6lVOt,4,Injection,0.4,0.0295,0.0,1.0,2.8
R_3CDDaEJY5t6lVOt,4,XSS,0.0,0.0,0.0,1.0,2.8
R_3CDDaEJY5t6lVOt,4,DoS,0.0,0.0,0.0,1.0,1.4
R_3DdKtrw72Czi6dl,1,Path,0.0,0.0,0.0,3.0,1.8
R_3DdKtrw72Czi6dl,1,Injection,0.2,0.01492,0.0,3.0,2.2
R_3DdKtrw72Czi6dl,1,XSS,0.0,0.0,0.0,3.0,2.0
R_3DdKtrw72Czi6dl,1,DoS,0.0,0.0,0.0,3.0,2.4
R_3g72Bh1Q0ab0NX3,3,Path,0.07692,0.01409,2.5,2.5,3.4
R_3g72Bh1Q0ab0NX3,3,Injection,0.2,0.01409,2.5,2.5,3.4
R_3g72Bh1Q0ab0NX3,3,XSS,0.0,0.0,2.5,2.5,3.0
R_3g72Bh1Q0ab0NX3,3,DoS,0.0,0.0,2.5,2.5,2.4
R_2ARP5Th2dbgjHdO,2,Path,0.0,0.0,0.5,1.5,1.6
R_2ARP5Th2dbgjHdO,2,Injection,0.0,0.0,0.5,1.5,2.0
R_2ARP5Th2dbgjHdO,2,XSS,0.0,0.0,0.5,1.5,1.6
R_2ARP5Th2dbgjHdO,2,DoS,0.0,0.0,0.5,1.5,1.6
R_PUMvqw8JsnRr2KZ,4,Path,0.07692,0.00823,0.5,1.0,2.2
R_PUMvqw8JsnRr2KZ,4,Injection,0.2,0.00823,0.5,1.0,2.2
R_PUMvqw8JsnRr2KZ,4,XSS,0.5,0.01646,0.5,1.0,2.4
R_PUMvqw8JsnRr2KZ,4,DoS,0.0,0.0,0.5,1.0,2.0
R_W7k3JDCc3sNrTpv,5,Path,0.0,0.0,3.5,3.5,3.0
R_W7k3JDCc3sNrTpv,5,Injection,0.2,0.01352,3.5,3.5,3.0
R_W7k3JDCc3sNrTpv,5,XSS,0.0,0.0,3.5,3.5,3.0
R_W7k3JDCc3sNrTpv,5,DoS,0.0,0.0,3.5,3.5,2.6
R_2UW6uIi5tBAaZhG,2,Path,0.0,0.0,1.5,0.5,2.0
R_2UW6uIi5tBAaZhG,2,Injection,0.0,0.0,1.5,0.5,2.2
R_2UW6uIi5tBAaZhG,2,XSS,0.0,0.0,1.5,0.5,2.2
R_2UW6uIi5tBAaZhG,2,DoS,0.0,0.0,1.5,0.5,1.4
R_2usar1UzVHlXCYq,4,Path,0.15385,0.04017,1.5,1.0,2.4
R_2usar1UzVHlXCYq,4,Injection,0.2,0.02008,1.5,1.0,2.4
R_2usar1UzVHlXCYq,4,XSS,0.0,0.0,1.5,1.0,1.6
R_2usar1UzVHlXCYq,4,DoS,0.33333,0.02008,1.5,1.0,1.6
R_1ONWDLYvUhBcCyw,1,Path,0.0,0.0,1.5,2.0,2.4
R_1ONWDLYvUhBcCyw,1,Injection,0.0,0.0,1.5,2.0,2.2
R_1ONWDLYvUhBcCyw,1,XSS,0.0,0.0,1.5,2.0,2.0
R_1ONWDLYvUhBcCyw,1,DoS,0.0,0.0,1.5,2.0,2.2
R_1CvDaGXw181376N,3,Path,0.07692,0.03108,0.5,3.5,2.6
R_1CvDaGXw181376N,3,Injection,0.0,0.0,0.5,3.5,2.2
R_1CvDaGXw181376N,3,XSS,0.25,0.03108,0.5,3.5,2.0
R_1CvDaGXw181376N,3,DoS,0.33333,0.03108,0.5,3.5,2.2
R_3sjKL1XnVZbHWCY,1,Path,0.07692,0.0246,1.5,1.5,2.0
R_3sjKL1XnVZbHWCY,1,Injection,0.0,0.0,1.5,1.5,2.4
R_3sjKL1XnVZbHWCY,1,XSS,0.0,0.0,1.5,1.5,2.6
R_3sjKL1XnVZbHWCY,1,DoS,0.0,0.0,1.5,1.5,2.0
R_1pzWIjUWipQCCsp,6,Path,0.0,0.0,2.5,1.0,2.8
R_1pzWIjUWipQCCsp,6,Injection,0.0,0.0,2.5,1.0,3.0
R_1pzWIjUWipQCCsp,6,XSS,0.0,0.0,2.5,1.0,3.0
R_1pzWIjUWipQCCsp,6,DoS,0.0,0.0,2.5,1.0,2.4
R_2AYHaVrrkG7DUMi,6,Path,0.0,0.0,2.0,1.0,2.0
R_2AYHaVrrkG7DUMi,6,Injection,0.0,0.0,2.0,1.0,2.0
R_2AYHaVrrkG7DUMi,6,XSS,0.0,0.0,2.0,1.0,1.4
R_2AYHaVrrkG7DUMi,6,DoS,0.33333,0.02026,2.0,1.0,1.2
R_9vPPjtbXjzBJVZf,1,Path,0.0,0.0,2.0,1.0,2.4
R_9vPPjtbXjzBJVZf,1,Injection,0.2,0.01809,2.0,1.0,2.2
R_9vPPjtbXjzBJVZf,1,XSS,0.0,0.0,2.0,1.0,2.4
R_9vPPjtbXjzBJVZf,1,DoS,0.0,0.0,2.0,1.0,1.4
R_1M4KbPNoKbgUaoS,5,Path,0.0,0.0,2.0,1.5,2.2
R_1M4KbPNoKbgUaoS,5,Injection,0.4,0.03424,2.0,1.5,2.6
R_1M4KbPNoKbgUaoS,5,XSS,0.0,0.0,2.0,1.5,2.2
R_1M4KbPNoKbgUaoS,5,DoS,0.0,0.0,2.0,1.5,1.8
R_1MYx1qVFDv1l17o,5,Path,0.0,0.0,3.0,2.5,3.2
R_1MYx1qVFDv1l17o,5,Injection,0.0,0.0,3.0,2.5,3.0
R_1MYx1qVFDv1l17o,5,XSS,0.0,0.0,3.0,2.5,2.4
R_1MYx1qVFDv1l17o,5,DoS,0.0,0.0,3.0,2.5,2.6
R_Y5rwBS1lTyPHz8J,2,Path,0.07692,0.01691,2.5,2.0,3.0
R_Y5rwBS1lTyPHz8J,2,Injection,0.0,0.0,2.5,2.0,3.6
R_Y5rwBS1lTyPHz8J,2,XSS,0.0,0.0,2.5,2.0,3.6
R_Y5rwBS1lTyPHz8J,2,DoS,0.66667,0.03383,2.5,2.0,2.8
R_2R9umIz9CqFq5vd,4,Path,0.07692,0.01693,1.0,1.5,2.0
R_2R9umIz9CqFq5vd,4,Injection,0.0,0.0,1.0,1.5,2.0
R_2R9umIz9CqFq5vd,4,XSS,0.0,0.0,1.0,1.5,2.8
R_2R9umIz9CqFq5vd,4,DoS,0.0,0.0,1.0,1.5,2.6
R_2EclKCymUWSTFba,1,Path,0.0,0.0,1.0,1.5,2.2
R_2EclKCymUWSTFba,1,Injection,0.6,0.04739,1.0,1.5,2.6
R_2EclKCymUWSTFba,1,XSS,0.75,0.04739,1.0,1.5,2.2
R_2EclKCymUWSTFba,1,DoS,0.33333,0.0158,1.0,1.5,2.0
R_2sYlS14Lj9krI8j,3,Path,0.15385,0.03205,1.0,1.0,1.0
R_2sYlS14Lj9krI8j,3,Injection,0.6,0.04808,1.0,1.0,1.4
R_2sYlS14Lj9krI8j,3,XSS,0.0,0.0,1.0,1.0,1.0
R_2sYlS14Lj9krI8j,3,DoS,0.0,0.0,1.0,1.0,0.8
R_3jSXp2GMN7pdqBb,4,Path,0.15385,0.03227,3.0,2.0,3.2
R_3jSXp2GMN7pdqBb,4,Injection,0.2,0.01614,3.0,2.0,2.2
R_3jSXp2GMN7pdqBb,4,XSS,0.5,0.03227,3.0,2.0,3.0
R_3jSXp2GMN7pdqBb,4,DoS,0.0,0.0,3.0,2.0,2.4
R_3fDD5GzDzOlHRSG,2,Path,0.23077,0.04975,1.0,0.0,2.4
R_3fDD5GzDzOlHRSG,2,Injection,0.2,0.01658,1.0,0.0,1.8
R_3fDD5GzDzOlHRSG,2,XSS,0.25,0.01658,1.0,0.0,1.6
R_3fDD5GzDzOlHRSG,2,DoS,0.0,0.0,1.0,0.0,1.6
R_pnMeooI8MkFdcf7,3,Path,0.15385,0.0319,1.5,0.5,2.2
R_pnMeooI8MkFdcf7,3,Injection,0.6,0.04785,1.5,0.5,2.4
R_pnMeooI8MkFdcf7,3,XSS,0.25,0.01595,1.5,0.5,1.6
R_pnMeooI8MkFdcf7,3,DoS,0.0,0.0,1.5,0.5,1.6
R_3m1ClGfJN3xbfGu,3,Path,0.07692,0.01541,2.5,1.5,2.2
R_3m1ClGfJN3xbfGu,3,Injection,0.4,0.03082,2.5,1.5,2.2
R_3m1ClGfJN3xbfGu,3,XSS,0.25,0.01541,2.5,1.5,1.8
R_3m1ClGfJN3xbfGu,3,DoS,0.0,0.0,2.5,1.5,1.4
R_pgdIS3evHx2mDhT,6,Path,0.0,0.0,1.0,1.5,1.6
R_pgdIS3evHx2mDhT,6,Injection,0.0,0.0,1.0,1.5,1.8
R_pgdIS3evHx2mDhT,6,XSS,0.0,0.0,1.0,1.5,1.6
R_pgdIS3evHx2mDhT,6,DoS,0.0,0.0,1.0,1.5,1.4
R_9FWi0slEmQdiJ2h,6,Path,0.0,0.0,1.0,1.5,2.0
R_9FWi0slEmQdiJ2h,6,Injection,0.0,0.0,1.0,1.5,1.8
R_9FWi0slEmQdiJ2h,6,XSS,0.0,0.0,1.0,1.5,1.4
R_9FWi0slEmQdiJ2h,6,DoS,0.0,0.0,1.0,1.5,1.4
R_3C7ryRNz1f5rsUF,3,Path,0.0,0.0,0.5,0.5,1.0
R_3C7ryRNz1f5rsUF,3,Injection,0.0,0.0,0.5,0.5,1.0
R_3C7ryRNz1f5rsUF,3,XSS,0.0,0.0,0.5,0.5,1.0
R_3C7ryRNz1f5rsUF,3,DoS,0.0,0.0,0.5,0.5,1.0
R_3lJgDVpBH9TmMF8,4,Path,0.23077,0.04568,1.0,1.5,1.0
R_3lJgDVpBH9TmMF8,4,Injection,0.0,0.0,1.0,1.5,1.2
R_3lJgDVpBH9TmMF8,4,XSS,0.25,0.01523,1.0,1.5,1.8
R_3lJgDVpBH9TmMF8,4,DoS,0.0,0.0,1.0,1.5,1.0
R_pc3oz4BPPrQakyB,2,Path,0.15385,0.02996,1.5,0.0,0.6
R_pc3oz4BPPrQakyB,2,Injection,0.0,0.0,1.5,0.0,0.6
R_pc3oz4BPPrQakyB,2,XSS,0.25,0.01498,1.5,0.0,0.6
R_pc3oz4BPPrQakyB,2,DoS,0.0,0.0,1.5,0.0,0.6
R_3R935OVHA5w1rmf,3,Path,0.07692,0.01484,1.5,1.5,1.8
R_3R935OVHA5w1rmf,3,Injection,0.6,0.04452,1.5,1.5,2.0
R_3R935OVHA5w1rmf,3,XSS,0.0,0.0,1.5,1.5,1.6
R_3R935OVHA5w1rmf,3,DoS,0.0,0.0,1.5,1.5,1.2
R_6ieAUOhgZrNapTH,5,Path,0.0,0.0,1.0,2.0,1.8
R_6ieAUOhgZrNapTH,5,Injection,0.4,0.02954,1.0,2.0,1.8
R_6ieAUOhgZrNapTH,5,XSS,0.0,0.0,1.0,2.0,1.8
R_6ieAUOhgZrNapTH,5,DoS,0.0,0.0,1.0,2.0,1.8
R_bOVyCEQJ7qvcIOB,5,Path,0.0,0.0,1.5,1.5,0.6
R_bOVyCEQJ7qvcIOB,5,Injection,0.0,0.0,1.5,1.5,0.8
R_bOVyCEQJ7qvcIOB,5,XSS,0.0,0.0,1.5,1.5,2.0
R_bOVyCEQJ7qvcIOB,5,DoS,0.0,0.0,1.5,1.5,0.6
R_9BtIcFBsoUnixxv,1,Path,0.0,0.0,2.5,1.0,1.6
R_9BtIcFBsoUnixxv,1,Injection,0.4,0.02932,2.5,1.0,2.0
R_9BtIcFBsoUnixxv,1,XSS,0.25,0.01466,2.5,1.0,2.0
R_9BtIcFBsoUnixxv,1,DoS,0.66667,0.02932,2.5,1.0,2.4
R_3CPBG9jpkpxs4ev,5,Path,0.0,0.0,2.0,1.5,1.8
R_3CPBG9jpkpxs4ev,5,Injection,0.2,0.01427,2.0,1.5,1.6
R_3CPBG9jpkpxs4ev,5,XSS,0.0,0.0,2.0,1.5,1.6
R_3CPBG9jpkpxs4ev,5,DoS,0.0,0.0,2.0,1.5,1.4
R_2SqOppb73i9h0Eo,1,Path,0.07692,0.06317,1.5,1.5,3.0
R_2SqOppb73i9h0Eo,1,Injection,0.0,0.0,1.5,1.5,3.0
R_2SqOppb73i9h0Eo,1,XSS,0.0,0.0,1.5,1.5,1.8
R_2SqOppb73i9h0Eo,1,DoS,0.0,0.0,1.5,1.5,2.4
R_2isV4zPp3WUqKRD,5,Path,0.0,0.0,2.0,1.5,1.8
R_2isV4zPp3WUqKRD,5,Injection,0.4,0.07628,2.0,1.5,2.0
R_2isV4zPp3WUqKRD,5,XSS,0.0,0.0,2.0,1.5,2.0
R_2isV4zPp3WUqKRD,5,DoS,0.0,0.0,2.0,1.5,1.8
R_8tqCeUALRGIrtE5,6,Path,0.07692,0.03355,1.0,1.0,2.2
R_8tqCeUALRGIrtE5,6,Injection,0.2,0.03355,1.0,1.0,2.2
R_8tqCeUALRGIrtE5,6,XSS,0.25,0.03355,1.0,1.0,2.2
R_8tqCeUALRGIrtE5,6,DoS,0.66667,0.06709,1.0,1.0,2.8
R_2jAQqnAKnSgyf4w,6,Path,0.15385,0.06651,2.0,1.5,2.6
R_2jAQqnAKnSgyf4w,6,Injection,0.0,0.0,2.0,1.5,2.4
R_2jAQqnAKnSgyf4w,6,XSS,0.25,0.03326,2.0,1.5,2.2
R_2jAQqnAKnSgyf4w,6,DoS,0.0,0.0,2.0,1.5,2.2
R_8xe8PTr1XL38IaB,5,Path,0.0,0.0,2.0,1.5,2.4
R_8xe8PTr1XL38IaB,5,Injection,0.4,0.04121,2.0,1.5,2.4
R_8xe8PTr1XL38IaB,5,XSS,0.75,0.06182,2.0,1.5,3.4
R_8xe8PTr1XL38IaB,5,DoS,0.0,0.0,2.0,1.5,2.0
R_8UvXGyj7xfN3jmp,3,Path,0.23077,0.06107,3.5,2.5,2.4
R_8UvXGyj7xfN3jmp,3,Injection,0.4,0.04072,3.5,2.5,2.4
R_8UvXGyj7xfN3jmp,3,XSS,0.0,0.0,3.5,2.5,2.4
R_8UvXGyj7xfN3jmp,3,DoS,0.0,0.0,3.5,2.5,2.2
R_2OUcMW9QDVNt7jo,2,Path,0.0,0.0,1.0,2.0,2.2
R_2OUcMW9QDVNt7jo,2,Injection,0.0,0.0,1.0,2.0,2.2
R_2OUcMW9QDVNt7jo,2,XSS,0.25,0.01879,1.0,2.0,2.2
R_2OUcMW9QDVNt7jo,2,DoS,0.33333,0.01879,1.0,2.0,1.4
R_8q8DkOhOWMoMGYN,6,Path,0.15385,0.04646,0.5,0.5,1.4
R_8q8DkOhOWMoMGYN,6,Injection,0.0,0.0,0.5,0.5,1.0
R_8q8DkOhOWMoMGYN,6,XSS,0.0,0.0,0.5,0.5,1.0
R_8q8DkOhOWMoMGYN,6,DoS,0.0,0.0,0.5,0.5,1.4
R_2kOvRCfl8uLkwcp,1,Path,0.0,0.0,2.0,1.0,1.2
R_2kOvRCfl8uLkwcp,1,Injection,0.0,0.0,2.0,1.0,1.2
R_2kOvRCfl8uLkwcp,1,XSS,0.0,0.0,2.0,1.0,1.2
R_2kOvRCfl8uLkwcp,1,DoS,0.0,0.0,2.0,1.0,1.2
R_8PXmB8o9Ld76pye,4,Path,0.0,0.0,1.5,1.5,3.2
R_8PXmB8o9Ld76pye,4,Injection,0.4,0.02757,1.5,1.5,2.8
R_8PXmB8o9Ld76pye,4,XSS,0.5,0.02757,1.5,1.5,2.6
R_8PXmB8o9Ld76pye,4,DoS,0.0,0.0,1.5,1.5,2.6
,,Path,0.0,0.0,0.0,0.0,0.0
,,Injection,0.0,0.0,0.0,0.0,0.0
,,XSS,0.0,0.0,0.0,0.0,0.0
,,DoS,0.0,0.0,0.0,0.0,0.0
