ResponseId,Which Group,Coder Experience,WorkingJava,FindingVulns,PathLines,InjectionLines,XSSLines,DoSLines,Familiar.Java,Familiar.Vuln,Difficulty.Marks_1,Difficulty.Marks_2,Difficulty.Marks_3,Difficulty.Marks_4,Difficulty.Correct_1,Difficulty.Correct_2,Difficulty.Correct_3,Difficulty.Correct_4,Process.Understand,Process.Time,Process.Training,Duration (in seconds),,,,,,,,,,,,,
R_6VjPVPsjubWNXHF,Group5,Only as a Teaching Assistant,As part of University projects,As part of University projects,253;675;926,59;83,85; ,448;,Neither-Agree-nor-Disagree,Neither-Agree-nor-Disagree,Hard,Neither Hard Nor Easy,Neither Hard Nor Easy,Hard,40-60%,60-80%,60-80%,20-40%,Agree,Agree,Disagree,2564,,,,,,,,,,,,,
R_2xzP3qObkA69NAD,Group2,Yes but in another programming language at a Company,Developed several projects using Java,As part of University projects,91,151;153,89,415,Agree,Neither-Agree-nor-Disagree,Easy,Neither Hard Nor Easy,Hard,Very Hard,60-80%,40-60%,20-40%,0-20%,Disagree,Agree,Strongly disagree,2687,,,,,,,,,,,,,
R_32Y1Hn1rVUXOZzP,Group1,Yes but in another programming language at a Company,No experience,No experience,348;349,62;84;,348;349;350;351;352;353;354,137;193;196;228;,Disagree,Disagree,Hard,Easy,Neither Hard Nor Easy,Hard,40-60%,60-80%,60-80%,20-40%,Strongly agree,Strongly agree,Disagree,3708,,,,,,,,,,,,,
R_2vdWuXgTSThhtKg,Group2,Yes but in another programming language at a Company,As part of University projects,No experience,75;120,103;113;144;151;323;327;331,73;86;87;89;91,105;118;184;253;274;325;327;328;330;378;398;399;400;426;546;744;745;810,Agree,Agree,Easy,Easy,Easy,Neither Hard Nor Easy,40-60%,60-80%,60-80%,20-40%,Agree,Agree,Agree,3794,,,,,,,,,,,,,
R_3ZNSmOFtlGu0hFO,Group3,Yes in Java at a Company,Developed project(s) using Java outside University,No experience,76;81;91;95,62;87;90,343;371;376,398;426;433;438;811,Agree,Disagree,Hard,Easy,Easy,Easy,20-40%,60-80%,60-80%,60-80%,Agree,Agree,Neither-Agree-nor-Disagree,3947,,,,,,,,,,,,,
R_5lnpT58nAAb4f8g,Group4,Yes in Java at a Company,Several years of professional experience with Java,Several years of professional experience outside of university,480;483;928;930,151;287;301,66;69;70,51;121;235;,Agree,Agree,Neither Hard Nor Easy,Neither Hard Nor Easy,Neither Hard Nor Easy,Easy,60-80%,60-80%,60-80%,60-80%,Disagree,Agree,Disagree,3943,,,,,,,,,,,,,
R_4NgoXAsj4ykMT4h,Group3,Not really,Developed several projects using Java,Find vulnerabilities outside university,76,59,364;365;429;437;451,475;508,Neither-Agree-nor-Disagree,Neither-Agree-nor-Disagree,Easy,Easy,Neither Hard Nor Easy,Hard,40-60%,40-60%,20-40%,20-40%,Agree,Agree,Neither-Agree-nor-Disagree,3670,,,,,,,,,,,,,
R_3ez9pWg1fb4UuBD,Group5,Yes but in another programming language at a Company,Developed project(s) using Java outside University,No experience,462,59,73,580,Disagree,Neither-Agree-nor-Disagree,Easy,Easy,Hard,Very Hard,60-80%,60-80%,60-80%,40-60%,Agree,Agree,Disagree,4106,,,,,,,,,,,,,
R_3Y2NHgEILEl8upj,Group2,Yes in Java at a Company,Developed project(s) using Java outside University,As part of University projects,76;120,151;301,73;74;75;76,237;778;782,Neither-Agree-nor-Disagree,Neither-Agree-nor-Disagree,Hard,Hard,Easy,Easy,20-40%,0-20%,60-80%,60-80%,Agree,Agree,Neither-Agree-nor-Disagree,4255,,,,,,,,,,,,,
R_8wyQcvpYBK02KVV,Group3,Not really,No experience,No experience,76;108,59;62,466;468;480;482,103; 747,Neither-Agree-nor-Disagree,Agree,Neither Hard Nor Easy,Neither Hard Nor Easy,Neither Hard Nor Easy,Neither Hard Nor Easy,80%-100%,80%-100%,60-80%,60-80%,Neither-Agree-nor-Disagree,Agree,Disagree,4735,,,,,,,,,,,,,
R_4qmhEq35UDKr8nM,Group2,Not really,No experience,No experience,76;107;114,287,70;85;85;87;88;89;90;92,"454;462,491",Neither-Agree-nor-Disagree,Agree,Neither Hard Nor Easy,Neither Hard Nor Easy,Easy,Easy,40-60%,60-80%,60-80%,40-60%,Agree,Strongly agree,Strongly agree,5027,,,,,,,,,,,,,
R_21vKESufxLoM9S6,Group1,Only as a Teaching Assistant,No experience,As part of University projects,361;368;458;505;854,59;86,427;426;435,56;51,Disagree,Neither-Agree-nor-Disagree,Hard,Hard,Hard,Very Hard,0-20%,20-40%,20-40%,0-20%,Agree,Neither-Agree-nor-Disagree,Neither-Agree-nor-Disagree,5260,,,,,,,,,,,,,
R_7rdJdfY8zlB9TXP,Group4,Only as a Teaching Assistant,As part of University projects,As part of University projects,208;348;481;694;753,151;153;190;195;281,69;74,51,Agree,Disagree,Neither Hard Nor Easy,Neither Hard Nor Easy,Hard,Easy,40-60%,40-60%,40-60%,40-60%,Agree,Agree,Agree,5326,,,,,,,,,,,,,
R_2DxfRUKRXjnMMRr,Group1,Yes but in another programming language at a Company,As part of University projects,No experience,543;549;566;854,62;87,347;429;430;468,151;51,Neither-Agree-nor-Disagree,Neither-Agree-nor-Disagree,Hard,Hard,Hard,Hard,0-20%,0-20%,0-20%,0-20%,Neither-Agree-nor-Disagree,Neither-Agree-nor-Disagree,Neither-Agree-nor-Disagree,5355,,,,,,,,,,,,,
R_284dImTUDG2EBvb,Group6,Only as a Teaching Assistant,Developed several projects using Java,As part of University projects,75;76;91;93;95,142;151;153;159;160;162;163,425;426;441;446;447;451,47;49;50;51;68;237,Neither-Agree-nor-Disagree,Neither-Agree-nor-Disagree,Neither Hard Nor Easy,Easy,Hard,Neither Hard Nor Easy,20-40%,40-60%,20-40%,20-40%,Agree,Neither-Agree-nor-Disagree,Neither-Agree-nor-Disagree,5504,,,,,,,,,,,,,
R_6P1oxpzTFDFmN1H,Group6,Not really,As part of University projects,As part of University projects,114,190,429,83,Neither-Agree-nor-Disagree,Neither-Agree-nor-Disagree,Easy,Neither Hard Nor Easy,Hard,Hard,60-80%,40-60%,20-40%,20-40%,Strongly agree,Disagree,Neither-Agree-nor-Disagree,4940,,,,,,,,,,,,,
R_5Qc0OIbbFFPUXts,Group6,Not really,As part of University projects,As part of University projects,95;117,287;301,441;451;466;468;470,177;187;201,Agree,Agree,Neither Hard Nor Easy,Hard,Hard,Hard,60-80%,40-60%,40-60%,40-60%,Agree,Neither-Agree-nor-Disagree,Neither-Agree-nor-Disagree,6526,,,,,,,,,,,,,
R_5rMs9OjM3AMhLQ2,Group6,Not really,As part of University projects,No experience,119;120,195;196,466;468;480;482,121;235,Agree,Neither-Agree-nor-Disagree,Hard,Neither Hard Nor Easy,Hard,Neither Hard Nor Easy,40-60%,20-40%,40-60%,20-40%,Agree,Strongly agree,Neither-Agree-nor-Disagree,6633,,,,,,,,,,,,,
R_2xQuBoINqDS5QB0,Group1,Yes but in another programming language at a Company,As part of University projects,No experience,93;155;187;200;225;228;231;253;306;367;376;379;417;419;479;645;658;769,62;63;93;83;94,150;175;184;190;255;382;378;391;420;447;485,56;57;66;78;80;89;95;107;177;178;184;237,Disagree,Agree,Neither Hard Nor Easy,Neither Hard Nor Easy,Neither Hard Nor Easy,Hard,60-80%,60-80%,40-60%,40-60%,Agree,Agree,Agree,6623,,,,,,,,,,,,,
R_4d4EEt0vsGlBTRd,Group4,Yes in Java at a Company,Developed project(s) using Java outside University,As part of University projects,339;348;,292;293;300,74;87;89,151;168;209;222;,Neither-Agree-nor-Disagree,Disagree,Hard,Hard,Hard,Hard,40-60%,40-60%,40-60%,40-60%,Agree,Strongly agree,Disagree,6796,,,,,,,,,,,,,
R_3aVtz9AHKzUNAsC,Group4,Yes but in another programming language at a Company,As part of University projects,No experience,"348;463;466;468;479;927,928,930",144;147;195;235;236,66;89,235,Neither-Agree-nor-Disagree,Strongly agree,Hard,Neither Hard Nor Easy,Neither Hard Nor Easy,Neither Hard Nor Easy,60-80%,80%-100%,60-80%,20-40%,Strongly agree,Strongly agree,Agree,6871,,,,,,,,,,,,,
R_6rHPwheFYU7MYtA,Group3,Not really,As part of University projects,As part of University projects,76;91;93,62;84;89,347;445;468,420:491,Disagree,Agree,Easy,Easy,Neither Hard Nor Easy,Hard,80%-100%,40-60%,40-60%,0-20%,Agree,Neither-Agree-nor-Disagree,Neither-Agree-nor-Disagree,7048,,,,,,,,,,,,,
R_5wvGVB6iwMitbXC,Group5,Yes but in another programming language at a Company,As part of University projects,No experience,339;348;349,"58,59,66,67","66,69,70,89",148;98;103;475,Neither-Agree-nor-Disagree,Neither-Agree-nor-Disagree,Very Hard,Neither Hard Nor Easy,Neither Hard Nor Easy,Very Hard,60-80%,60-80%,40-60%,40-60%,Strongly agree,Neither-Agree-nor-Disagree,Neither-Agree-nor-Disagree,7094,,,,,,,,,,,,,
R_5kHcDGxYL3IYyNu,Group5,Yes as a Research Assistant at University,As part of University projects,Several years of professional experience outside of university,5-46,56,5-67890,564,Neither-Agree-nor-Disagree,Strongly disagree,Very Easy,Easy,Neither Hard Nor Easy,Hard,20-40%,20-40%,20-40%,20-40%,Disagree,Disagree,Strongly agree,271,,,,,,,,,,,,,
R_10C0Fc0WmZPDXoz,Group3,Not really,No experience,As part of University projects,"The code within the while(true) statement in the string function normalize (dont have a proper editor, download takes too long)",86-92,345-354,413-448,Disagree,Neither-Agree-nor-Disagree,Easy,Easy,Hard,Hard,40-60%,40-60%,20-40%,0-20%,Agree,Strongly agree,Neither-Agree-nor-Disagree,2360,,,,,,,,,,,,,
R_4ZTag6Jezolkg7v,Group6,Only as a Teaching Assistant,As part of University projects,As part of University projects,75,142; 274; 290,347,68,Disagree,Neither-Agree-nor-Disagree,Hard,Neither Hard Nor Easy,Neither Hard Nor Easy,Neither Hard Nor Easy,20-40%,60-80%,60-80%,20-40%,Agree,Neither-Agree-nor-Disagree,Disagree,2483,,,,,,,,,,,,,
R_3s6YMpNoh34GuhE,Group4,Yes as a Research Assistant at University,No experience,As part of University projects,76;112;157;180;212,151,88,76;112;157;180;212,Strongly disagree,Neither-Agree-nor-Disagree,Hard,Easy,Very Easy,Neither Hard Nor Easy,0-20%,20-40%,60-80%,40-60%,Agree,Strongly agree,Neither-Agree-nor-Disagree,1901,,,,,,,,,,,,,
R_3FOL6BSvUcFSIrW,Group6,Yes but in another programming language at a Company,No experience,Find vulnerabilities outside university,114,180,342,68,Disagree,Disagree,Easy,Hard,Hard,Hard,40-60%,0-20%,0-20%,0-20%,Disagree,Agree,Disagree,1170,,,,,,,,,,,,,
R_26aovXcAszRH26f,Group3,Yes but in another programming language at a Company,Developed project(s) using Java outside University,Find vulnerabilities outside university,"119,121",89,434;445,438,Disagree,Agree,Neither Hard Nor Easy,Neither Hard Nor Easy,Neither Hard Nor Easy,Easy,40-60%,40-60%,60-80%,80%-100%,Agree,Agree,Neither-Agree-nor-Disagree,2668,,,,,,,,,,,,,
R_1CvVU07N39EVqGy,Group3,Yes but in another programming language at a Company,As part of University projects,As part of University projects,115; 117,89;90,467;468,394; 773,Disagree,Agree,Neither Hard Nor Easy,Easy,Very Hard,Hard,40-60%,60-80%,20-40%,40-60%,Strongly agree,Strongly agree,Neither-Agree-nor-Disagree,2778,,,,,,,,,,,,,
R_3m8AcYvLa3hl3Os,Group4,Yes in Java at a Company,Developed several projects using Java,No experience,205;208;364;365;366;367;368;480; 850;854;859;860;910;911;915;928;930;,159;163;184;293;323;335,68;75,55;76;77;109;119;137;228;229,Neither-Agree-nor-Disagree,Agree,Easy,Neither Hard Nor Easy,Neither Hard Nor Easy,Hard,40-60%,20-40%,20-40%,0-20%,Agree,Agree,Neither-Agree-nor-Disagree,3165,,,,,,,,,,,,,
R_3ad8iHXwqa7yHC1,Group5,Not really,Developed project(s) using Java outside University,As part of University projects,854,82;87,69,420,Agree,Neither-Agree-nor-Disagree,Hard,Neither Hard Nor Easy,Easy,Hard,40-60%,20-40%,80%-100%,20-40%,Agree,Neither-Agree-nor-Disagree,Strongly disagree,3222,,,,,,,,,,,,,
R_2Swuf4973133TEJ,Group3,Not really,No experience,No experience,75;91;93;120,59;62;66,441;442;445;465;466;467;468;479;480;481;482,397;398;399;475;653;654;655,Disagree,Disagree,Hard,Hard,Very Hard,Very Hard,20-40%,20-40%,0-20%,0-20%,Strongly agree,Agree,Disagree,2929,,,,,,,,,,,,,
R_1Kx8flofL7vgaLz,Group2,Not really,As part of University projects,As part of University projects,;,64;78,70;76,805,Neither-Agree-nor-Disagree,Agree,Neither Hard Nor Easy,Neither Hard Nor Easy,Neither Hard Nor Easy,Neither Hard Nor Easy,60-80%,40-60%,60-80%,20-40%,Strongly agree,Strongly agree,Neither-Agree-nor-Disagree,2798,,,,,,,,,,,,,
R_xaVdsmgzk12EEeZ,Group3,Yes in Java at a Company,Developed project(s) using Java outside University,No experience,75:95,62;66,497,415;,Neither-Agree-nor-Disagree,Disagree,Neither Hard Nor Easy,Neither Hard Nor Easy,Neither Hard Nor Easy,Neither Hard Nor Easy,0-20%,20-40%,0-20%,20-40%,Agree,Agree,Neither-Agree-nor-Disagree,2807,,,,,,,,,,,,,
R_3iJuvDXtd1nIgxs,Group5,Not really,No experience,No experience,463; 516,62,89,810,Strongly disagree,Neither-Agree-nor-Disagree,Very Hard,Neither Hard Nor Easy,Neither Hard Nor Easy,Very Hard,0-20%,40-60%,40-60%,0-20%,Strongly agree,Strongly agree,Neither-Agree-nor-Disagree,3303,,,,,,,,,,,,,
R_tRKLArCTuM8yHTj,Group2,Only as a Teaching Assistant,As part of University projects,No experience,76;91;93;95,319;321;235;195;163,88;74;75,240;262;283;306;337;463;498;534;576,Neither-Agree-nor-Disagree,Strongly disagree,Hard,Hard,Very Hard,Very Hard,0-20%,0-20%,0-20%,0-20%,Neither-Agree-nor-Disagree,Agree,Neither-Agree-nor-Disagree,3389,,,,,,,,,,,,,
R_2feBGxnqgqIwwC7,Group5,Only as a Teaching Assistant,Developed several projects using Java,No experience,479,86;93,88;89,227,Neither-Agree-nor-Disagree,Disagree,Very Hard,Hard,Hard,Very Hard,40-60%,40-60%,40-60%,20-40%,Agree,Agree,Disagree,3314,,,,,,,,,,,,,
R_264P0zHozptDX72,Group1,Not really,As part of University projects,No experience,479,86;87,407;429;437;513,51,Disagree,Disagree,Hard,Very Hard,Hard,Very Hard,20-40%,0-20%,0-20%,0-20%,Agree,Neither-Agree-nor-Disagree,Disagree,3518,,,,,,,,,,,,,
R_2dLr1JpvotIPkms,Group1,Yes but in another programming language at a Company,As part of University projects,No experience,206,-,447,-,Agree,Neither-Agree-nor-Disagree,Easy,Hard,Neither Hard Nor Easy,Hard,60-80%,20-40%,40-60%,20-40%,Strongly agree,Strongly agree,Disagree,3713,,,,,,,,,,,,,
R_22tOywUEy1MDak3,Group4,Not really,No experience,No experience,509; 517,183; 185; 296,73;  76,51; 55; 109,Neither-Agree-nor-Disagree,Disagree,Easy,Hard,Easy,Hard,0-20%,0-20%,0-20%,0-20%,Strongly agree,Strongly agree,Agree,3153,,,,,,,,,,,,,
R_NXaAZaoGFQAclY5,Group4,Not really,As part of University projects,As part of University projects,483;928;930,144;195;237;250,73;76,177,Neither-Agree-nor-Disagree,Agree,Easy,Neither Hard Nor Easy,Very Easy,Easy,60-80%,40-60%,60-80%,40-60%,Agree,Strongly agree,Disagree,3181,,,,,,,,,,,,,
R_1OvnM8Bpk1kam5r,Group3,Not really,No experience,As part of University projects,48;75,62;82,447,374,Neither-Agree-nor-Disagree,Agree,Hard,Easy,Hard,Easy,60-80%,60-80%,40-60%,20-40%,Strongly agree,Strongly agree,Agree,3957,,,,,,,,,,,,,
R_1hYeAlqhuGI1fOO,Group3,Yes but in another programming language at a Company,As part of University projects,No experience,87;95;108,62;90,466,418,Disagree,Agree,Neither Hard Nor Easy,Neither Hard Nor Easy,Neither Hard Nor Easy,Neither Hard Nor Easy,20-40%,20-40%,20-40%,20-40%,Agree,Strongly agree,Strongly agree,3849,,,,,,,,,,,,,
R_1cTcawAFlCftIi6,Group2,Yes but in another programming language at a Company,As part of University projects,As part of University projects,111;114;116,147;210;236;299,67;69;74;76,103;398;420,Agree,Neither-Agree-nor-Disagree,Easy,Hard,Hard,Easy,40-60%,20-40%,20-40%,60-80%,Strongly agree,Strongly agree,Agree,4346,,,,,,,,,,,,,
R_3oQFWPaE18bzTOW,Group4,Not really,No experience,No experience,339;463,144,73,114;55,Disagree,Agree,Neither Hard Nor Easy,Easy,Easy,Neither Hard Nor Easy,60-80%,60-80%,60-80%,40-60%,Agree,Strongly agree,Strongly agree,3612,,,,,,,,,,,,,
R_3IWtk06QJIfb87q,Group3,Not really,As part of University projects,No experience,"75;78;79;114,118",58;59;61;62;85;86;87,391,475,Disagree,Neither-Agree-nor-Disagree,Neither Hard Nor Easy,Hard,Very Hard,Hard,0-20%,0-20%,0-20%,0-20%,Agree,Agree,Agree,3523,,,,,,,,,,,,,
R_21sxZN0xSIk4qTj,Group1,Yes as a Research Assistant at University,As part of University projects,As part of University projects,840; 928; 930,93,445; 447; 466; 480 ,50;76,Neither-Agree-nor-Disagree,Agree,Hard,Easy,Easy,Neither Hard Nor Easy,20-40%,60-80%,60-80%,40-60%,Agree,Agree,Agree,4086,,,,,,,,,,,,,
R_2CNgG1jDwk53nvK,Group6,Not really,As part of University projects,No experience,77;96;112,153;163;196;237;292,332;360;361;429;437;468;482,83;94;118,Disagree,Neither-Agree-nor-Disagree,Neither Hard Nor Easy,Hard,Very Hard,Neither Hard Nor Easy,20-40%,20-40%,0-20%,0-20%,Agree,Agree,Disagree,3318,,,,,,,,,,,,,
R_3k7ErOo51YmiLjf,Group6,Yes but in another programming language at a Company,Developed several projects using Java,No experience,116;,187;294;,447;451;468;,136;166;191;231;,Neither-Agree-nor-Disagree,Agree,Neither Hard Nor Easy,Hard,Neither Hard Nor Easy,Neither Hard Nor Easy,20-40%,20-40%,20-40%,20-40%,Agree,Agree,Agree,3624,,,,,,,,,,,,,
R_5Bjq6Q5Eda092bn,Group5,Not really,No experience,No experience,451,62,68,456,Neither-Agree-nor-Disagree,Neither-Agree-nor-Disagree,Neither Hard Nor Easy,Neither Hard Nor Easy,Neither Hard Nor Easy,Neither Hard Nor Easy,20-40%,20-40%,20-40%,20-40%,Neither-Agree-nor-Disagree,Neither-Agree-nor-Disagree,Neither-Agree-nor-Disagree,3703,,,,,,,,,,,,,
R_3kpREA7clqzBhW4,Group6,Yes but in another programming language at a Company,As part of University projects,No experience,111; 114;,164; 236; 301;,360; 365; 446; 447,55; 109; 127; 224,Agree,Neither-Agree-nor-Disagree,Neither Hard Nor Easy,Neither Hard Nor Easy,Neither Hard Nor Easy,Neither Hard Nor Easy,40-60%,40-60%,40-60%,40-60%,Strongly disagree,Strongly disagree,Agree,4047,,,,,,,,,,,,,
R_1OH4FW3H64iAgIu,Group3,Yes in Java at a Company,Developed several projects using Java,As part of University projects,119;120,86;87;88;89;90;91,365,98,Neither-Agree-nor-Disagree,Agree,Hard,Hard,Very Hard,Easy,40-60%,40-60%,40-60%,40-60%,Agree,Agree,Neither-Agree-nor-Disagree,4247,,,,,,,,,,,,,
R_1hBi5XNfwi1cv6p,Group2,Not really,No experience,As part of University projects,89;92;115;117,282;299;289;291,75;88,418;420,Strongly disagree,Disagree,Very Hard,Very Hard,Very Hard,Very Hard,20-40%,20-40%,0-20%,0-20%,Disagree,Agree,Disagree,4010,,,,,,,,,,,,,
R_2qrUe6XhxGreo3M,Group4,Not really,As part of University projects,No experience,204; 396; 514; 753,;,87; 74,83;118;164;187;220;,Agree,Disagree,Hard,Hard,Easy,Hard,0-20%,0-20%,60-80%,0-20%,Strongly agree,Disagree,Disagree,4253,,,,,,,,,,,,,
R_1ifn94RNqMnEO3L,Group4,Yes but in another programming language at a Company,Developed project(s) using Java outside University,No experience,"364;394;449;452;537,480;900","151,153,195",89,"51,73,109,151",Agree,Agree,Hard,Neither Hard Nor Easy,Easy,Easy,60-80%,60-80%,80%-100%,80%-100%,Agree,Agree,Agree,4776,,,,,,,,,,,,,
R_2Ui9T81qAVvDLZx,Group3,Yes in Java at a Company,Developed project(s) using Java outside University,No experience,79;87; 110;113;,87;66;,386; 467; 481; 492; ,274; 399;,Agree,Neither-Agree-nor-Disagree,Easy,Neither Hard Nor Easy,Hard,Hard,60-80%,60-80%,40-60%,40-60%,Strongly agree,Strongly agree,Strongly agree,3574,,,,,,,,,,,,,
R_UGgNHuEYVqUoxtT,Group1,Yes but in another programming language at a Company,As part of University projects,Find vulnerabilities for several projects,200;518;687;741;,62;65,382,224,Strongly disagree,Disagree,Neither Hard Nor Easy,Hard,Hard,Neither Hard Nor Easy,20-40%,0-20%,0-20%,20-40%,Agree,Agree,Disagree,3452,,,,,,,,,,,,,
R_3KxqXVic7WpJT1D,Group5,Not really,No experience,As part of University projects,300; 348; 349,62; 66;,74,148; 153; 159,Disagree,Neither-Agree-nor-Disagree,Neither Hard Nor Easy,Neither Hard Nor Easy,Neither Hard Nor Easy,Very Hard,40-60%,40-60%,40-60%,0-20%,Agree,Agree,Agree,3795,,,,,,,,,,,,,
R_2y78wOxzuEMlJGc,Group3,Yes as a Research Assistant at University,Developed project(s) using Java outside University,No experience,76;117,59,184;199,360,Strongly agree,Agree,Very Easy,Easy,Hard,Hard,80%-100%,80%-100%,60-80%,60-80%,Strongly agree,Strongly agree,Strongly agree,4201,,,,,,,,,,,,,
R_vqVXA6FIua4HmZX,Group5,Yes but in another programming language at a Company,As part of University projects,No experience,463;849;910;927,91;95;93,70,103;426;433,Disagree,Neither-Agree-nor-Disagree,Very Hard,Hard,Hard,Very Hard,0-20%,20-40%,20-40%,0-20%,Agree,Agree,Neither-Agree-nor-Disagree,4404,,,,,,,,,,,,,
R_s5oomC4ENa3owvf,Group4,Yes but in another programming language at a Company,As part of University projects,No experience,200;211;349;517;466;468;483;549,144;235;195;,73;66,76;112;157;180;212,Disagree,Agree,Hard,Easy,Hard,Very Hard,20-40%,40-60%,20-40%,0-20%,Strongly agree,Strongly agree,Neither-Agree-nor-Disagree,3957,,,,,,,,,,,,,
R_3MSfnZ4ntLWRAkJ,Group5,Yes but in another programming language at a Company,As part of University projects,No experience,207;273;283;,62,72,256,Disagree,Strongly disagree,Hard,Very Easy,Neither Hard Nor Easy,Very Hard,20-40%,80%-100%,60-80%,20-40%,Agree,Agree,Disagree,3938,,,,,,,,,,,,,
R_2atpanWlsIEAwEv,Group4,Not really,As part of University projects,As part of University projects,479,151;153,68,51,Agree,Neither-Agree-nor-Disagree,Hard,Very Hard,Hard,Hard,0-20%,0-20%,0-20%,0-20%,Strongly agree,Strongly agree,Disagree,4443,,,,,,,,,,,,,
R_3MDzkSHSKJd2ZCx,Group6,Yes but in another programming language at a Company,As part of University projects,No experience,88; 113,277; 287,480;465;445,73;151;235,Strongly disagree,Neither-Agree-nor-Disagree,Hard,Neither Hard Nor Easy,Neither Hard Nor Easy,Easy,0-20%,20-40%,20-40%,40-60%,Strongly agree,Strongly agree,Agree,4035,,,,,,,,,,,,,
R_vJn9S8pKtWxEzWp,Group2,Not really,As part of University projects,No experience,125,287;290;319,85,;,Neither-Agree-nor-Disagree,Disagree,Neither Hard Nor Easy,Neither Hard Nor Easy,Neither Hard Nor Easy,Hard,20-40%,20-40%,20-40%,0-20%,Agree,Agree,Neither-Agree-nor-Disagree,4653,,,,,,,,,,,,,
R_2VOy34WzkAVb8EH,Group1,Yes but in another programming language at a Company,No experience,No experience,197;339,58;59,228;243;258;273;288;464,173;,Agree,Agree,Hard,Neither Hard Nor Easy,Neither Hard Nor Easy,Neither Hard Nor Easy,20-40%,60-80%,60-80%,60-80%,Agree,Agree,Neither-Agree-nor-Disagree,3746,,,,,,,,,,,,,
R_2czsrX2vGnwNBTw,Group6,Not really,As part of University projects,No experience,75,156,324;360,55;,Disagree,Neither-Agree-nor-Disagree,Neither Hard Nor Easy,Hard,Easy,Very Hard,0-20%,0-20%,20-40%,0-20%,Agree,Agree,Agree,4394,,,,,,,,,,,,,
R_1l0LUMxjnkFEQCn,Group5,Yes in Java at a Company,Developed project(s) using Java outside University,As part of University projects,348;368;458;505;543;860,62;94,69;76;89,240;262;306;337;580;602,Agree,Neither-Agree-nor-Disagree,Easy,Easy,Easy,Hard,40-60%,60-80%,60-80%,40-60%,Agree,Agree,Agree,4194,,,,,,,,,,,,,
R_1Kvatmhe3zhnSth,Group3,Only as a Teaching Assistant,As part of University projects,No experience,76;114;115;123;91;93;95,59;87;93;94;61;65,426;428;429;430;468,462;463;583;585;661,Disagree,Neither-Agree-nor-Disagree,Neither Hard Nor Easy,Easy,Hard,Very Hard,60-80%,60-80%,20-40%,20-40%,Neither-Agree-nor-Disagree,Agree,Agree,4499,,,,,,,,,,,,,
R_2t3cbjlrqR5PDgY,Group3,Not really,No experience,No experience,96; 119,62; 68,434; 443,692,Disagree,Neither-Agree-nor-Disagree,Very Hard,Very Hard,Very Hard,Very Hard,0-20%,0-20%,0-20%,0-20%,Agree,Agree,Disagree,4740,,,,,,,,,,,,,
R_DItauU6CBCrfciZ,Group4,Yes in Java at a Company,Developed project(s) using Java outside University,No experience,"155,200,769,777","233,144",74,177;235,Neither-Agree-nor-Disagree,Disagree,Hard,Hard,Hard,Hard,20-40%,20-40%,20-40%,20-40%,Agree,Agree,Disagree,4340,,,,,,,,,,,,,
R_21bSXxGzUxO7xsY,Group4,Yes in Java at a Company,Developed several projects using Java,As part of University projects,211;539;926;483,237,74,151,Disagree,Neither-Agree-nor-Disagree,Very Hard,Very Hard,Very Hard,Very Hard,0-20%,0-20%,0-20%,0-20%,Disagree,Strongly agree,Strongly disagree,4489,,,,,,,,,,,,,
R_2Bye7BGXEea1w4F,Group3,Not really,Developed several projects using Java,As part of University projects,81,62,443,425,Disagree,Disagree,Hard,Hard,Very Hard,Very Hard,20-40%,40-60%,0-20%,0-20%,Agree,Agree,Disagree,4864,,,,,,,,,,,,,
R_1mR9mw0JhcUID7q,Group4,Not really,As part of University projects,No experience,368;458;505;543,195,69,55,Neither-Agree-nor-Disagree,Neither-Agree-nor-Disagree,Hard,Hard,Hard,Hard,0-20%,0-20%,0-20%,0-20%,Agree,Agree,Neither-Agree-nor-Disagree,4607,,,,,,,,,,,,,
R_2dsCthTiQ8gNjOW,Group6,Yes but in another programming language at a Company,As part of University projects,No experience,91;93;107;111,148; 151; 153; 237; 278,447;,235; 236;,Disagree,Agree,Easy,Neither Hard Nor Easy,Easy,Hard,60-80%,40-60%,60-80%,20-40%,Strongly agree,Agree,Neither-Agree-nor-Disagree,5020,,,,,,,,,,,,,
R_3NKwGiLHYVMr4ny,Group1,Yes in Java at a Company,Several years of professional experience with Java,As part of University projects,200;205;300;366;384;402;406;463;483;509;539;734;737;850;854;859;910;928;920;,62;87;90,184;429;434;447;468;,51;180;187;196;201;212;220,Agree,Agree,Easy,Easy,Neither Hard Nor Easy,Hard,60-80%,60-80%,40-60%,40-60%,Agree,Agree,Agree,5277,,,,,,,,,,,,,
R_3maQy7at9ZfUwFa,Group1,Yes but in another programming language at a Company,As part of University projects,Find vulnerabilities outside university,348;463;926;,90;,342;,68,Neither-Agree-nor-Disagree,Neither-Agree-nor-Disagree,Hard,Hard,Hard,Hard,40-60%,40-60%,40-60%,40-60%,Agree,Strongly agree,Disagree,4967,,,,,,,,,,,,,
R_1g8yrJ8Wvdxbhzh,Group4,Not really,As part of University projects,No experience,462;471;482,184;236;250,66;73;86,56,Neither-Agree-nor-Disagree,Neither-Agree-nor-Disagree,Easy,Hard,Hard,Hard,40-60%,20-40%,40-60%,20-40%,Neither-Agree-nor-Disagree,Neither-Agree-nor-Disagree,Agree,4795,,,,,,,,,,,,,
R_3k7KYUeK9efTGTC,Group1,Not really,As part of University projects,No experience,463;432,87;90,447,83;,Disagree,Neither-Agree-nor-Disagree,Easy,Neither Hard Nor Easy,Easy,Neither Hard Nor Easy,40-60%,20-40%,40-60%,40-60%,Agree,Agree,Agree,4991,,,,,,,,,,,,,
R_1PcouN9SkV9SC9N,Group6,Not really,As part of University projects,No experience,110;111,287;335,386;382;409,55;56,Disagree,Disagree,Hard,Hard,Hard,Hard,20-40%,0-20%,0-20%,20-40%,Neither-Agree-nor-Disagree,Agree,Neither-Agree-nor-Disagree,5148,,,,,,,,,,,,,
R_2yrpYGZggIq1RyQ,Group1,Yes in Java at a Company,Developed project(s) using Java outside University,No experience,155;471;483;571,59;62,433;451,50,Neither-Agree-nor-Disagree,Disagree,Hard,Easy,Neither Hard Nor Easy,Neither Hard Nor Easy,20-40%,60-80%,40-60%,40-60%,Agree,Agree,Disagree,5321,,,,,,,,,,,,,
R_22VyuRj7Fet0j5L,Group6,Yes in Java at a Company,Several years of professional experience with Java,Find vulnerabilities outside university,91;93;95;114,151;153;157;160;237;277;278;301,370;371;375;376;495;497,49;50;51;87;,Agree,Strongly agree,Neither Hard Nor Easy,Hard,Hard,Easy,80%-100%,60-80%,40-60%,80%-100%,Agree,Strongly agree,Agree,4523,,,,,,,,,,,,,
R_3mTv8DHFOw4bTbj,Group6,Not really,As part of University projects,No experience,75,"287,301",386,73,Disagree,Neither-Agree-nor-Disagree,Neither Hard Nor Easy,Neither Hard Nor Easy,Very Hard,Hard,40-60%,40-60%,0-20%,20-40%,Strongly agree,Agree,Agree,4968,,,,,,,,,,,,,
R_w5FUlA5gTxiQ4yl,Group4,Not really,As part of University projects,No experience,204;694;853,58; 180,65;51,155;47;68,Disagree,Disagree,Neither Hard Nor Easy,Hard,Hard,Neither Hard Nor Easy,20-40%,40-60%,20-40%,0-20%,Disagree,Agree,Neither-Agree-nor-Disagree,1795,,,,,,,,,,,,,
R_1oz1UddC7uy5QvH,Group6,Yes as a Research Assistant at University,No experience,No experience,107,107,107,107,Neither-Agree-nor-Disagree,Neither-Agree-nor-Disagree,Hard,Neither Hard Nor Easy,Neither Hard Nor Easy,Neither Hard Nor Easy,40-60%,40-60%,40-60%,40-60%,Neither-Agree-nor-Disagree,Neither-Agree-nor-Disagree,Strongly agree,4999,,,,,,,,,,,,,
R_2X7orZsI2e89vzb,Group3,Not really,No experience,No experience,375;434;497,59;62,429;437,337;440,Strongly disagree,Strongly disagree,Hard,Hard,Very Hard,Very Hard,0-20%,0-20%,0-20%,0-20%,Neither-Agree-nor-Disagree,Strongly disagree,Disagree,4957,,,,,,,,,,,,,
R_122PenXDtfMkk6e,Group2,Not really,No experience,No experience,120;,293;,91;,749;,Strongly disagree,Neither-Agree-nor-Disagree,Hard,Hard,Hard,Hard,0-20%,0-20%,0-20%,0-20%,Agree,Disagree,Disagree,5119,,,,,,,,,,,,,
R_2wdaJmgLYXDRMLg,Group4,Not really,Developed several projects using Java,No experience,205;463;509,151;153,68;,177,Agree,Agree,Hard,Neither Hard Nor Easy,Neither Hard Nor Easy,Neither Hard Nor Easy,40-60%,40-60%,40-60%,60-80%,Agree,Agree,Agree,4736,,,,,,,,,,,,,
R_3KN2x3WU4w0qirN,Group1,Yes in Java at a Company,Developed project(s) using Java outside University,Find vulnerabilities outside university,361; 366; 368,62; 92,437,235,Agree,Neither-Agree-nor-Disagree,Easy,Easy,Easy,Hard,60-80%,60-80%,40-60%,20-40%,Agree,Agree,Agree,4030,,,,,,,,,,,,,
R_1LTGES4ZmR15DIa,Group4,Not really,As part of University projects,No experience,348;466;468,144;151;153,69;89;,55;73;109;152,Neither-Agree-nor-Disagree,Agree,Neither Hard Nor Easy,Easy,Easy,Hard,40-60%,60-80%,60-80%,20-40%,Agree,Agree,Agree,5013,,,,,,,,,,,,,
R_33vZvfyF4LIQNGV,Group2,Not really,As part of University projects,No experience,110;120,195;250,74,661,Disagree,Neither-Agree-nor-Disagree,Neither Hard Nor Easy,Neither Hard Nor Easy,Neither Hard Nor Easy,Neither Hard Nor Easy,40-60%,40-60%,40-60%,40-60%,Agree,Agree,Neither-Agree-nor-Disagree,5813,,,,,,,,,,,,,
R_12A3e9pgs4AgCwf,Group2,Not really,As part of University projects,No experience,79;87;,151;153;287;,74;,425;463;,Disagree,Agree,Hard,Easy,Easy,Hard,60-80%,40-60%,60-80%,40-60%,Strongly agree,Strongly agree,Agree,5703,,,,,,,,,,,,,
R_2rHFaoDNTphevdr,Group2,Not really,As part of University projects,As part of University projects,118;76,159;163;,66;89;,749;661;,Neither-Agree-nor-Disagree,Disagree,Very Hard,Neither Hard Nor Easy,Neither Hard Nor Easy,Hard,0-20%,20-40%,20-40%,20-40%,Agree,Neither-Agree-nor-Disagree,Strongly disagree,5838,,,,,,,,,,,,,
R_3MQJSbC7Tlp15B9,Group6,Yes in Java at a Company,Developed project(s) using Java outside University,As part of University projects,107;110;114,111;113;195;196;237,"445,447",51;54;55,Agree,Neither-Agree-nor-Disagree,Easy,Easy,Hard,Neither Hard Nor Easy,40-60%,60-80%,20-40%,20-40%,Agree,Agree,Neither-Agree-nor-Disagree,5498,,,,,,,,,,,,,
R_5yUf0PoPOwoqsGR,Group2,Yes as a Research Assistant at University,Developed several projects using Java,No experience,113;120,293,87,262; 283; 306; 337,Neither-Agree-nor-Disagree,Disagree,Neither Hard Nor Easy,Hard,Easy,Very Hard,20-40%,40-60%,40-60%,0-20%,Agree,Agree,Disagree,5515,,,,,,,,,,,,,
R_yWRsR2tIRhTBTSF,Group2,Not really,As part of University projects,As part of University projects,75:107,177;271,67;86,795,Disagree,Neither-Agree-nor-Disagree,Neither Hard Nor Easy,Neither Hard Nor Easy,Hard,Very Hard,0-20%,0-20%,0-20%,0-20%,Agree,Agree,Disagree,6217,,,,,,,,,,,,,
R_10xCrQJf9f4abHf,Group6,Not really,As part of University projects,No experience,120,190,468,0,Disagree,Strongly disagree,Easy,Very Hard,Very Hard,Very Hard,60-80%,0-20%,0-20%,0-20%,Neither-Agree-nor-Disagree,Neither-Agree-nor-Disagree,Neither-Agree-nor-Disagree,6532,,,,,,,,,,,,,
R_2ScRpvy5ctbp3cZ,Group1,Yes but in another programming language at a Company,No experience,No experience,432;466;468;515,93,348;443,109;187;228,Strongly disagree,Disagree,Hard,Hard,Hard,Hard,20-40%,20-40%,20-40%,20-40%,Strongly agree,Strongly agree,Disagree,5595,,,,,,,,,,,,,
R_3oMWMMofLc5zJW8,Group2,Yes but in another programming language at a Company,Developed project(s) using Java outside University,No experience,79;86;119,210;285,73;87,561;398;749,Disagree,Disagree,Hard,Hard,Hard,Hard,0-20%,0-20%,0-20%,0-20%,Agree,Agree,Neither-Agree-nor-Disagree,5532,,,,,,,,,,,,,
R_A1iznoOlyYPXAcN,Group4,Yes in Java at a Company,Developed project(s) using Java outside University,No experience,479;466;468;515;926,162;163,74;76;91,253;55;56;121,Agree,Neither-Agree-nor-Disagree,Hard,Hard,Hard,Hard,80%-100%,60-80%,60-80%,60-80%,Agree,Neither-Agree-nor-Disagree,Neither-Agree-nor-Disagree,6059,,,,,,,,,,,,,
R_TjiKgBHjAIZMtUJ,Group6,Not really,As part of University projects,No experience,76;115;117,151;153,441;445,151,Disagree,Agree,Easy,Very Hard,Very Hard,Hard,60-80%,20-40%,20-40%,40-60%,Agree,Agree,Neither-Agree-nor-Disagree,5900,,,,,,,,,,,,,
R_1HczsgzZIbddmiw,Group5,Not really,No experience,No experience,479;854;927;928;930,87,87,422;749,Disagree,Agree,Neither Hard Nor Easy,Hard,Neither Hard Nor Easy,Hard,40-60%,20-40%,40-60%,20-40%,Strongly agree,Strongly agree,Neither-Agree-nor-Disagree,6776,,,,,,,,,,,,,
R_3CDDaEJY5t6lVOt,Group4,Yes as a Research Assistant at University,No experience,No experience,239;397;,144;151;235;250;,87;,76;111;156;175;211;,Strongly disagree,Neither-Agree-nor-Disagree,Hard,Easy,Easy,Very Hard,40-60%,80%-100%,80%-100%,0-20%,Agree,Agree,Disagree,6779,,,,,,,,,,,,,
R_3DdKtrw72Czi6dl,Group1,Yes but in another programming language at a Company,No experience,Find vulnerabilities outside university,483;,87;,447;,190,Strongly disagree,Strongly agree,Hard,Neither Hard Nor Easy,Very Hard,Hard,20-40%,40-60%,60-80%,80%-100%,Strongly agree,Neither-Agree-nor-Disagree,Disagree,6701,,,,,,,,,,,,,
R_3g72Bh1Q0ab0NX3,Group3,Yes but in another programming language at a Company,Developed several projects using Java,Find vulnerabilities outside university,76;107,59;66,360;364;365,747,Agree,Agree,Easy,Easy,Neither Hard Nor Easy,Hard,60-80%,60-80%,40-60%,0-20%,Strongly agree,Strongly agree,Agree,7098,,,,,,,,,,,,,
R_2ARP5Th2dbgjHdO,Group2,Not really,No experience,No experience,82;111;121,68;75,88;,-,Disagree,Agree,Hard,Hard,Hard,Hard,0-20%,40-60%,0-20%,0-20%,Agree,Neither-Agree-nor-Disagree,Neither-Agree-nor-Disagree,2908,,,,,,,,,,,,,
R_PUMvqw8JsnRr2KZ,Group4,Not really,No experience,No experience,348;483;860,151,73;74;87;89,73;109;151,Disagree,Neither-Agree-nor-Disagree,Neither Hard Nor Easy,Hard,Neither Hard Nor Easy,Hard,0-20%,20-40%,20-40%,0-20%,Agree,Agree,Agree,12150,,,,,,,,,,,,,
R_W7k3JDCc3sNrTpv,Group5,Yes in Java at a Company,Several years of professional experience with Java,Several years of professional experience outside of university,928;930,62,88,398,Agree,Agree,Neither Hard Nor Easy,Neither Hard Nor Easy,Neither Hard Nor Easy,Hard,80%-100%,80%-100%,80%-100%,60-80%,Neither-Agree-nor-Disagree,Strongly agree,Agree,7395,,,,,,,,,,,,,
R_2UW6uIi5tBAaZhG,Group2,Yes but in another programming language at a Company,As part of University projects,No experience,110;111;91,"208,58,64","86,89","110,200,356,700",Neither-Agree-nor-Disagree,Disagree,Hard,Neither Hard Nor Easy,Neither Hard Nor Easy,Very Hard,40-60%,40-60%,40-60%,0-20%,Neither-Agree-nor-Disagree,Agree,Neither-Agree-nor-Disagree,4413,,,,,,,,,,,,,
R_2usar1UzVHlXCYq,Group4,Not really,As part of University projects,No experience,206;368;458;505;543;860,144;195,86,51;73;109,Neither-Agree-nor-Disagree,Neither-Agree-nor-Disagree,Neither Hard Nor Easy,Neither Hard Nor Easy,Very Hard,Very Hard,60-80%,60-80%,20-40%,20-40%,Neither-Agree-nor-Disagree,Agree,Neither-Agree-nor-Disagree,4979,,,,,,,,,,,,,
R_1ONWDLYvUhBcCyw,Group1,Not really,As part of University projects,As part of University projects,"926, 928,930","66,86 ",482,"220, 187 ",Neither-Agree-nor-Disagree,Agree,Easy,Hard,Hard,Hard,20-40%,40-60%,20-40%,40-60%,Agree,Agree,Neither-Agree-nor-Disagree,2569,,,,,,,,,,,,,
R_1CvDaGXw181376N,Group3,Yes but in another programming language at a Company,As part of University projects,Several years of professional experience outside of university,76,65; 62; 93,450,463,Strongly disagree,Agree,Neither Hard Nor Easy,Hard,Very Hard,Very Hard,20-40%,0-20%,0-20%,20-40%,Agree,Strongly agree,Agree,3218,,,,,,,,,,,,,
R_3sjKL1XnVZbHWCY,Group1,Yes but in another programming language at a Company,As part of University projects,As part of University projects,860;549;517;483,94,468,177;196,Neither-Agree-nor-Disagree,Neither-Agree-nor-Disagree,Hard,Neither Hard Nor Easy,Neither Hard Nor Easy,Hard,20-40%,40-60%,60-80%,20-40%,Agree,Agree,Neither-Agree-nor-Disagree,4065,,,,,,,,,,,,,
R_1pzWIjUWipQCCsp,Group6,Not really,Developed several projects using Java,No experience,479;483,66,445;447;468,164;165;166,Agree,Neither-Agree-nor-Disagree,Easy,Easy,Easy,Hard,40-60%,60-80%,60-80%,40-60%,Agree,Agree,Agree,4087,,,,,,,,,,,,,
R_2AYHaVrrkG7DUMi,Group6,Not really,Developed several projects using Java,As part of University projects,200;,59,447,51,Neither-Agree-nor-Disagree,Disagree,Neither Hard Nor Easy,Neither Hard Nor Easy,Hard,Very Hard,60-80%,60-80%,20-40%,20-40%,Agree,Disagree,Disagree,4935,,,,,,,,,,,,,
R_9vPPjtbXjzBJVZf,Group1,Not really,Developed several projects using Java,As part of University projects,468;471,87; 93;94,466;468,83;,Neither-Agree-nor-Disagree,Disagree,Neither Hard Nor Easy,Neither Hard Nor Easy,Neither Hard Nor Easy,Very Hard,60-80%,40-60%,60-80%,0-20%,Agree,Agree,Disagree,5528,,,,,,,,,,,,,
R_1M4KbPNoKbgUaoS,Group5,Not really,Developed several projects using Java,As part of University projects,348;349;926;928;930,62;87;89,69,103;433;747,Neither-Agree-nor-Disagree,Neither-Agree-nor-Disagree,Hard,Neither Hard Nor Easy,Hard,Very Hard,60-80%,80%-100%,60-80%,40-60%,Neither-Agree-nor-Disagree,Agree,Neither-Agree-nor-Disagree,5841,,,,,,,,,,,,,
R_1MYx1qVFDv1l17o,Group5,Yes in Java at a Company,Developed project(s) using Java outside University,Find vulnerabilities outside university,857,93,88,393;394;395;397;398;399;400,Agree,Agree,Easy,Neither Hard Nor Easy,Hard,Hard,80%-100%,80%-100%,40-60%,60-80%,Strongly agree,Agree,Neither-Agree-nor-Disagree,5894,,,,,,,,,,,,,
R_Y5rwBS1lTyPHz8J,Group2,Yes but in another programming language at a Company,As part of University projects,As part of University projects,76,292;300,69,461;462;463,Strongly agree,Agree,Hard,Easy,Easy,Hard,60-80%,80%-100%,80%-100%,40-60%,Strongly agree,Strongly agree,Agree,5912,,,,,,,,,,,,,
R_2R9umIz9CqFq5vd,Group4,Yes but in another programming language at a Company,As part of University projects,No experience,348;859,195,70;91,73;109;151,Disagree,Agree,Hard,Hard,Easy,Neither Hard Nor Easy,20-40%,20-40%,60-80%,60-80%,Agree,Agree,Neither-Agree-nor-Disagree,5908,,,,,,,,,,,,,
R_2EclKCymUWSTFba,Group1,Not really,As part of University projects,As part of University projects,482;483,62;87;90;93;94,441;442;443;444;445;447;451,51;83;118;164;187;220,Disagree,Neither-Agree-nor-Disagree,Very Hard,Neither Hard Nor Easy,Hard,Hard,40-60%,40-60%,20-40%,0-20%,Strongly agree,Agree,Neither-Agree-nor-Disagree,6330,,,,,,,,,,,,,
R_2sYlS14Lj9krI8j,Group3,Not really,As part of University projects,No experience,114;115;95,87;90;62,435;437,218,Disagree,Neither-Agree-nor-Disagree,Hard,Neither Hard Nor Easy,Hard,Very Hard,0-20%,20-40%,0-20%,0-20%,Neither-Agree-nor-Disagree,Neither-Agree-nor-Disagree,Strongly disagree,6240,,,,,,,,,,,,,
R_3jSXp2GMN7pdqBb,Group4,Yes but in another programming language at a Company,Developed several projects using Java,As part of University projects,859;860,148;277;151,73;76,177;190,Strongly agree,Agree,Neither Hard Nor Easy,Very Hard,Neither Hard Nor Easy,Very Hard,80%-100%,20-40%,60-80%,40-60%,Strongly agree,Strongly agree,Neither-Agree-nor-Disagree,6197,,,,,,,,,,,,,
R_3fDD5GzDzOlHRSG,Group2,Not really,As part of University projects,No experience,114;115;116;117;118;76;95,"144;186;187,188;189;190;191;195",87;70;76,103;,Disagree,Strongly disagree,Easy,Hard,Hard,Very Hard,60-80%,40-60%,20-40%,40-60%,Agree,Agree,Strongly disagree,6030,,,,,,,,,,,,,
R_pnMeooI8MkFdcf7,Group3,Not really,As part of University projects,No experience,81;95,62;87;90,441;442;445;447:451,230,Neither-Agree-nor-Disagree,Disagree,Neither Hard Nor Easy,Neither Hard Nor Easy,Very Hard,Very Hard,40-60%,60-80%,20-40%,20-40%,Agree,Agree,Disagree,6269,,,,,,,,,,,,,
R_3m1ClGfJN3xbfGu,Group3,Not really,Developed several projects using Java,No experience,86;95,87;90,347; 441;444,0,Agree,Agree,Neither Hard Nor Easy,Neither Hard Nor Easy,Hard,Very Hard,40-60%,40-60%,20-40%,0-20%,Agree,Neither-Agree-nor-Disagree,Neither-Agree-nor-Disagree,6490,,,,,,,,,,,,,
R_pgdIS3evHx2mDhT,Group6,Not really,As part of University projects,As part of University projects,849;859,361;59;95;87;77;66,429;437,235,Disagree,Neither-Agree-nor-Disagree,Hard,Hard,Hard,Hard,20-40%,40-60%,20-40%,0-20%,Agree,Neither-Agree-nor-Disagree,Disagree,6293,,,,,,,,,,,,,
R_9FWi0slEmQdiJ2h,Group6,Not really,As part of University projects,As part of University projects,361;366,58,426;433,88,Disagree,Neither-Agree-nor-Disagree,Neither Hard Nor Easy,Hard,Very Hard,Very Hard,40-60%,40-60%,20-40%,20-40%,Agree,Agree,Strongly disagree,6596,,,,,,,,,,,,,
R_3C7ryRNz1f5rsUF,Group3,Not really,As part of University projects,As part of University projects,116,"90,93",466,6,Strongly disagree,Strongly disagree,Very Hard,Very Hard,Very Hard,Very Hard,0-20%,0-20%,0-20%,0-20%,Agree,Neither-Agree-nor-Disagree,Strongly disagree,6555,,,,,,,,,,,,,
R_3lJgDVpBH9TmMF8,Group4,Not really,As part of University projects,As part of University projects,854;864;860;463,195;159;163,67;74;89,70,Disagree,Neither-Agree-nor-Disagree,Very Hard,Hard,Hard,Very Hard,0-20%,0-20%,60-80%,0-20%,Agree,Disagree,Disagree,6567,,,,,,,,,,,,,
R_pc3oz4BPPrQakyB,Group2,Not really,Developed project(s) using Java outside University,No experience,119;120,153;,73,103;747;749,Strongly disagree,Strongly disagree,Very Hard,Very Hard,Very Hard,Very Hard,0-20%,0-20%,0-20%,0-20%,Strongly disagree,Agree,Strongly disagree,6675,,,,,,,,,,,,,
R_3R935OVHA5w1rmf,Group3,Not really,As part of University projects,As part of University projects,76;118,62;87;90;94,435;437;438;468,1,Neither-Agree-nor-Disagree,Neither-Agree-nor-Disagree,Hard,Neither Hard Nor Easy,Hard,Very Hard,40-60%,40-60%,20-40%,0-20%,Agree,Neither-Agree-nor-Disagree,Disagree,6739,,,,,,,,,,,,,
R_6ieAUOhgZrNapTH,Group5,Not really,As part of University projects,As part of University projects,82;83;155,87;90;93,66;69;70;89,103;747,Disagree,Agree,Hard,Hard,Hard,Hard,20-40%,20-40%,20-40%,20-40%,Agree,Neither-Agree-nor-Disagree,Neither-Agree-nor-Disagree,6771,,,,,,,,,,,,,
R_bOVyCEQJ7qvcIOB,Group5,Yes as a Research Assistant at University,Developed several projects using Java,Find vulnerabilities outside university,928;930;483,65,69;70,805;413,Disagree,Disagree,Very Hard,Hard,Very Easy,Very Hard,20-40%,20-40%,80%-100%,20-40%,Strongly disagree,Neither-Agree-nor-Disagree,Strongly disagree,6486,,,,,,,,,,,,,
R_9BtIcFBsoUnixxv,Group1,Yes in Java at a Company,Developed several projects using Java,No experience,208;225,62;89;90;91,445;447;451;468;470,50;51,Agree,Neither-Agree-nor-Disagree,Neither Hard Nor Easy,Neither Hard Nor Easy,Neither Hard Nor Easy,Neither Hard Nor Easy,0-20%,40-60%,40-60%,80%-100%,Agree,Neither-Agree-nor-Disagree,Disagree,6822,,,,,,,,,,,,,
R_3CPBG9jpkpxs4ev,Group5,Not really,As part of University projects,As part of University projects,348;349,90,66;70,103,Agree,Neither-Agree-nor-Disagree,Hard,Hard,Hard,Very Hard,20-40%,0-20%,0-20%,0-20%,Agree,Agree,Disagree,7006,,,,,,,,,,,,,
R_2SqOppb73i9h0Eo,Group1,Yes in Java at a Company,As part of University projects,As part of University projects,368;458;543,65,;,83;118;137;164;187;220,Neither-Agree-nor-Disagree,Neither-Agree-nor-Disagree,Easy,Easy,Hard,Neither Hard Nor Easy,80%-100%,80%-100%,0-20%,40-60%,Agree,Agree,Neither-Agree-nor-Disagree,1583,,,,,,,,,,,,,
R_2isV4zPp3WUqKRD,Group5,Yes in Java at a Company,Developed several projects using Java,No experience,466;468;471,59;62;93,66;70;89,392;399,Neither-Agree-nor-Disagree,Agree,Very Hard,Hard,Hard,Very Hard,40-60%,40-60%,40-60%,40-60%,Neither-Agree-nor-Disagree,Agree,Neither-Agree-nor-Disagree,2622,,,,,,,,,,,,,
R_8tqCeUALRGIrtE5,Group6,Yes but in another programming language at a Company,As part of University projects,No experience,76;93;111,151;153;196,447;451,50;51,Disagree,Neither-Agree-nor-Disagree,Very Hard,Very Hard,Very Hard,Hard,20-40%,20-40%,20-40%,60-80%,Strongly agree,Strongly agree,Neither-Agree-nor-Disagree,2981,,,,,,,,,,,,,
R_2jAQqnAKnSgyf4w,Group6,Yes but in another programming language at a Company,As part of University projects,As part of University projects,108;120,196,444;447,73;221,Agree,Neither-Agree-nor-Disagree,Neither Hard Nor Easy,Neither Hard Nor Easy,Hard,Hard,40-60%,20-40%,20-40%,20-40%,Agree,Agree,Agree,3007,,,,,,,,,,,,,
R_8xe8PTr1XL38IaB,Group5,Yes but in another programming language at a Company,As part of University projects,Find vulnerabilities outside university,373;392;396;407;408;419;421;422;429,62;65;85;86;87;89;94,68;72;73;74;76;76,569;660;661,Agree,Disagree,Hard,Neither Hard Nor Easy,Very Easy,Very Hard,40-60%,20-40%,80%-100%,20-40%,Agree,Agree,Agree,4853,,,,,,,,,,,,,
R_8UvXGyj7xfN3jmp,Group3,Yes in Java at a Company,Several years of professional experience with Java,Find vulnerabilities outside university,79;87;111;114;119,59;62;93;94,466;480,398;749,Agree,Agree,Hard,Hard,Hard,Very Hard,40-60%,40-60%,40-60%,40-60%,Agree,Agree,Agree,4912,,,,,,,,,,,,,
R_2OUcMW9QDVNt7jo,Group2,Yes but in another programming language at a Company,As part of University projects,As part of University projects,86;92,180;195,74;87,459;424,Disagree,Agree,Neither Hard Nor Easy,Neither Hard Nor Easy,Neither Hard Nor Easy,Very Hard,40-60%,40-60%,40-60%,0-20%,Neither-Agree-nor-Disagree,Agree,Neither-Agree-nor-Disagree,5321,,,,,,,,,,,,,
R_8q8DkOhOWMoMGYN,Group6,Not really,As part of University projects,No experience,114;119,321,345;429;467;468,55,Strongly disagree,Disagree,Hard,Very Hard,Very Hard,Hard,20-40%,0-20%,0-20%,20-40%,Neither-Agree-nor-Disagree,Agree,Strongly disagree,4305,,,,,,,,,,,,,
R_2kOvRCfl8uLkwcp,Group1,Not really,Developed several projects using Java,As part of University projects,944;910,86,466,56,Neither-Agree-nor-Disagree,Disagree,Very Hard,Very Hard,Very Hard,Very Hard,20-40%,20-40%,20-40%,20-40%,Neither-Agree-nor-Disagree,Neither-Agree-nor-Disagree,Disagree,7015,,,,,,,,,,,,,
R_8PXmB8o9Ld76pye,Group4,Yes as a Research Assistant at University,As part of University projects,No experience,348; 349,147;148;149;150;151;152;153;154;155;156,73;74;87;89,52;177;187;201;209;235,Neither-Agree-nor-Disagree,Agree,Easy,Neither Hard Nor Easy,Hard,Neither Hard Nor Easy,80%-100%,60-80%,60-80%,40-60%,Agree,Agree,Agree,7253,,,,,,,,,,,,,
,,,,,,,,,,,,,,,,,,,,,,,,,,,,,,,,,,,
